--
-- PostgreSQL database dump
--

\restrict 8a1S5EfwZEHaNvdXL0mDXB5zX44vO7DxVNYPl7BPdM0gfzGU92vWeWJHfab9E1e

-- Dumped from database version 17.6
-- Dumped by pg_dump version 17.6

SET statement_timeout = 0;
SET lock_timeout = 0;
SET idle_in_transaction_session_timeout = 0;
SET transaction_timeout = 0;
SET client_encoding = 'UTF8';
SET standard_conforming_strings = on;
SELECT pg_catalog.set_config('search_path', '', false);
SET check_function_bodies = false;
SET xmloption = content;
SET client_min_messages = warning;
SET row_security = off;

SET default_tablespace = '';

SET default_table_access_method = heap;

--
-- Name: account_emailaddress; Type: TABLE; Schema: public; Owner: postgres
--

CREATE TABLE public.account_emailaddress (
    id integer NOT NULL,
    email character varying(254) NOT NULL,
    verified boolean NOT NULL,
    "primary" boolean NOT NULL,
    user_id integer NOT NULL
);


ALTER TABLE public.account_emailaddress OWNER TO postgres;

--
-- Name: account_emailaddress_id_seq; Type: SEQUENCE; Schema: public; Owner: postgres
--

ALTER TABLE public.account_emailaddress ALTER COLUMN id ADD GENERATED BY DEFAULT AS IDENTITY (
    SEQUENCE NAME public.account_emailaddress_id_seq
    START WITH 1
    INCREMENT BY 1
    NO MINVALUE
    NO MAXVALUE
    CACHE 1
);


--
-- Name: account_emailconfirmation; Type: TABLE; Schema: public; Owner: postgres
--

CREATE TABLE public.account_emailconfirmation (
    id integer NOT NULL,
    created timestamp with time zone NOT NULL,
    sent timestamp with time zone,
    key character varying(64) NOT NULL,
    email_address_id integer NOT NULL
);


ALTER TABLE public.account_emailconfirmation OWNER TO postgres;

--
-- Name: account_emailconfirmation_id_seq; Type: SEQUENCE; Schema: public; Owner: postgres
--

ALTER TABLE public.account_emailconfirmation ALTER COLUMN id ADD GENERATED BY DEFAULT AS IDENTITY (
    SEQUENCE NAME public.account_emailconfirmation_id_seq
    START WITH 1
    INCREMENT BY 1
    NO MINVALUE
    NO MAXVALUE
    CACHE 1
);


--
-- Name: auth_group; Type: TABLE; Schema: public; Owner: postgres
--

CREATE TABLE public.auth_group (
    id integer NOT NULL,
    name character varying(150) NOT NULL
);


ALTER TABLE public.auth_group OWNER TO postgres;

--
-- Name: auth_group_id_seq; Type: SEQUENCE; Schema: public; Owner: postgres
--

ALTER TABLE public.auth_group ALTER COLUMN id ADD GENERATED BY DEFAULT AS IDENTITY (
    SEQUENCE NAME public.auth_group_id_seq
    START WITH 1
    INCREMENT BY 1
    NO MINVALUE
    NO MAXVALUE
    CACHE 1
);


--
-- Name: auth_group_permissions; Type: TABLE; Schema: public; Owner: postgres
--

CREATE TABLE public.auth_group_permissions (
    id bigint NOT NULL,
    group_id integer NOT NULL,
    permission_id integer NOT NULL
);


ALTER TABLE public.auth_group_permissions OWNER TO postgres;

--
-- Name: auth_group_permissions_id_seq; Type: SEQUENCE; Schema: public; Owner: postgres
--

ALTER TABLE public.auth_group_permissions ALTER COLUMN id ADD GENERATED BY DEFAULT AS IDENTITY (
    SEQUENCE NAME public.auth_group_permissions_id_seq
    START WITH 1
    INCREMENT BY 1
    NO MINVALUE
    NO MAXVALUE
    CACHE 1
);


--
-- Name: auth_permission; Type: TABLE; Schema: public; Owner: postgres
--

CREATE TABLE public.auth_permission (
    id integer NOT NULL,
    name character varying(255) NOT NULL,
    content_type_id integer NOT NULL,
    codename character varying(100) NOT NULL
);


ALTER TABLE public.auth_permission OWNER TO postgres;

--
-- Name: auth_permission_id_seq; Type: SEQUENCE; Schema: public; Owner: postgres
--

ALTER TABLE public.auth_permission ALTER COLUMN id ADD GENERATED BY DEFAULT AS IDENTITY (
    SEQUENCE NAME public.auth_permission_id_seq
    START WITH 1
    INCREMENT BY 1
    NO MINVALUE
    NO MAXVALUE
    CACHE 1
);


--
-- Name: auth_user; Type: TABLE; Schema: public; Owner: postgres
--

CREATE TABLE public.auth_user (
    id integer NOT NULL,
    password character varying(128) NOT NULL,
    last_login timestamp with time zone,
    is_superuser boolean NOT NULL,
    username character varying(150) NOT NULL,
    first_name character varying(150) NOT NULL,
    last_name character varying(150) NOT NULL,
    email character varying(254) NOT NULL,
    is_staff boolean NOT NULL,
    is_active boolean NOT NULL,
    date_joined timestamp with time zone NOT NULL
);


ALTER TABLE public.auth_user OWNER TO postgres;

--
-- Name: auth_user_groups; Type: TABLE; Schema: public; Owner: postgres
--

CREATE TABLE public.auth_user_groups (
    id bigint NOT NULL,
    user_id integer NOT NULL,
    group_id integer NOT NULL
);


ALTER TABLE public.auth_user_groups OWNER TO postgres;

--
-- Name: auth_user_groups_id_seq; Type: SEQUENCE; Schema: public; Owner: postgres
--

ALTER TABLE public.auth_user_groups ALTER COLUMN id ADD GENERATED BY DEFAULT AS IDENTITY (
    SEQUENCE NAME public.auth_user_groups_id_seq
    START WITH 1
    INCREMENT BY 1
    NO MINVALUE
    NO MAXVALUE
    CACHE 1
);


--
-- Name: auth_user_id_seq; Type: SEQUENCE; Schema: public; Owner: postgres
--

ALTER TABLE public.auth_user ALTER COLUMN id ADD GENERATED BY DEFAULT AS IDENTITY (
    SEQUENCE NAME public.auth_user_id_seq
    START WITH 1
    INCREMENT BY 1
    NO MINVALUE
    NO MAXVALUE
    CACHE 1
);


--
-- Name: auth_user_user_permissions; Type: TABLE; Schema: public; Owner: postgres
--

CREATE TABLE public.auth_user_user_permissions (
    id bigint NOT NULL,
    user_id integer NOT NULL,
    permission_id integer NOT NULL
);


ALTER TABLE public.auth_user_user_permissions OWNER TO postgres;

--
-- Name: auth_user_user_permissions_id_seq; Type: SEQUENCE; Schema: public; Owner: postgres
--

ALTER TABLE public.auth_user_user_permissions ALTER COLUMN id ADD GENERATED BY DEFAULT AS IDENTITY (
    SEQUENCE NAME public.auth_user_user_permissions_id_seq
    START WITH 1
    INCREMENT BY 1
    NO MINVALUE
    NO MAXVALUE
    CACHE 1
);


--
-- Name: authtoken_token; Type: TABLE; Schema: public; Owner: postgres
--

CREATE TABLE public.authtoken_token (
    key character varying(40) NOT NULL,
    created timestamp with time zone NOT NULL,
    user_id integer NOT NULL
);


ALTER TABLE public.authtoken_token OWNER TO postgres;

--
-- Name: axes_accessattempt; Type: TABLE; Schema: public; Owner: postgres
--

CREATE TABLE public.axes_accessattempt (
    id integer NOT NULL,
    user_agent character varying(255) NOT NULL,
    ip_address inet,
    username character varying(255),
    http_accept character varying(1025) NOT NULL,
    path_info character varying(255) NOT NULL,
    attempt_time timestamp with time zone NOT NULL,
    get_data text NOT NULL,
    post_data text NOT NULL,
    failures_since_start integer NOT NULL,
    CONSTRAINT axes_accessattempt_failures_since_start_check CHECK ((failures_since_start >= 0))
);


ALTER TABLE public.axes_accessattempt OWNER TO postgres;

--
-- Name: axes_accessattempt_id_seq; Type: SEQUENCE; Schema: public; Owner: postgres
--

ALTER TABLE public.axes_accessattempt ALTER COLUMN id ADD GENERATED BY DEFAULT AS IDENTITY (
    SEQUENCE NAME public.axes_accessattempt_id_seq
    START WITH 1
    INCREMENT BY 1
    NO MINVALUE
    NO MAXVALUE
    CACHE 1
);


--
-- Name: axes_accessfailurelog; Type: TABLE; Schema: public; Owner: postgres
--

CREATE TABLE public.axes_accessfailurelog (
    id integer NOT NULL,
    user_agent character varying(255) NOT NULL,
    ip_address inet,
    username character varying(255),
    http_accept character varying(1025) NOT NULL,
    path_info character varying(255) NOT NULL,
    attempt_time timestamp with time zone NOT NULL,
    locked_out boolean NOT NULL
);


ALTER TABLE public.axes_accessfailurelog OWNER TO postgres;

--
-- Name: axes_accessfailurelog_id_seq; Type: SEQUENCE; Schema: public; Owner: postgres
--

ALTER TABLE public.axes_accessfailurelog ALTER COLUMN id ADD GENERATED BY DEFAULT AS IDENTITY (
    SEQUENCE NAME public.axes_accessfailurelog_id_seq
    START WITH 1
    INCREMENT BY 1
    NO MINVALUE
    NO MAXVALUE
    CACHE 1
);


--
-- Name: axes_accesslog; Type: TABLE; Schema: public; Owner: postgres
--

CREATE TABLE public.axes_accesslog (
    id integer NOT NULL,
    user_agent character varying(255) NOT NULL,
    ip_address inet,
    username character varying(255),
    http_accept character varying(1025) NOT NULL,
    path_info character varying(255) NOT NULL,
    attempt_time timestamp with time zone NOT NULL,
    logout_time timestamp with time zone,
    session_hash character varying(64) NOT NULL
);


ALTER TABLE public.axes_accesslog OWNER TO postgres;

--
-- Name: axes_accesslog_id_seq; Type: SEQUENCE; Schema: public; Owner: postgres
--

ALTER TABLE public.axes_accesslog ALTER COLUMN id ADD GENERATED BY DEFAULT AS IDENTITY (
    SEQUENCE NAME public.axes_accesslog_id_seq
    START WITH 1
    INCREMENT BY 1
    NO MINVALUE
    NO MAXVALUE
    CACHE 1
);


--
-- Name: django_admin_log; Type: TABLE; Schema: public; Owner: postgres
--

CREATE TABLE public.django_admin_log (
    id integer NOT NULL,
    action_time timestamp with time zone NOT NULL,
    object_id text,
    object_repr character varying(200) NOT NULL,
    action_flag smallint NOT NULL,
    change_message text NOT NULL,
    content_type_id integer,
    user_id integer NOT NULL,
    CONSTRAINT django_admin_log_action_flag_check CHECK ((action_flag >= 0))
);


ALTER TABLE public.django_admin_log OWNER TO postgres;

--
-- Name: django_admin_log_id_seq; Type: SEQUENCE; Schema: public; Owner: postgres
--

ALTER TABLE public.django_admin_log ALTER COLUMN id ADD GENERATED BY DEFAULT AS IDENTITY (
    SEQUENCE NAME public.django_admin_log_id_seq
    START WITH 1
    INCREMENT BY 1
    NO MINVALUE
    NO MAXVALUE
    CACHE 1
);


--
-- Name: django_content_type; Type: TABLE; Schema: public; Owner: postgres
--

CREATE TABLE public.django_content_type (
    id integer NOT NULL,
    app_label character varying(100) NOT NULL,
    model character varying(100) NOT NULL
);


ALTER TABLE public.django_content_type OWNER TO postgres;

--
-- Name: django_content_type_id_seq; Type: SEQUENCE; Schema: public; Owner: postgres
--

ALTER TABLE public.django_content_type ALTER COLUMN id ADD GENERATED BY DEFAULT AS IDENTITY (
    SEQUENCE NAME public.django_content_type_id_seq
    START WITH 1
    INCREMENT BY 1
    NO MINVALUE
    NO MAXVALUE
    CACHE 1
);


--
-- Name: django_migrations; Type: TABLE; Schema: public; Owner: postgres
--

CREATE TABLE public.django_migrations (
    id bigint NOT NULL,
    app character varying(255) NOT NULL,
    name character varying(255) NOT NULL,
    applied timestamp with time zone NOT NULL
);


ALTER TABLE public.django_migrations OWNER TO postgres;

--
-- Name: django_migrations_id_seq; Type: SEQUENCE; Schema: public; Owner: postgres
--

ALTER TABLE public.django_migrations ALTER COLUMN id ADD GENERATED BY DEFAULT AS IDENTITY (
    SEQUENCE NAME public.django_migrations_id_seq
    START WITH 1
    INCREMENT BY 1
    NO MINVALUE
    NO MAXVALUE
    CACHE 1
);


--
-- Name: django_session; Type: TABLE; Schema: public; Owner: postgres
--

CREATE TABLE public.django_session (
    session_key character varying(40) NOT NULL,
    session_data text NOT NULL,
    expire_date timestamp with time zone NOT NULL
);


ALTER TABLE public.django_session OWNER TO postgres;

--
-- Name: reklamaproject_advertisement; Type: TABLE; Schema: public; Owner: postgres
--

CREATE TABLE public.reklamaproject_advertisement (
    id bigint NOT NULL,
    "Reklama_nomi" character varying(255) NOT NULL,
    "Qurilma_turi" character varying(100) NOT NULL,
    "Ijarachi" character varying(255),
    "Shartnoma_raqami" character varying(100),
    "Shartnoma_muddati_boshlanishi" date NOT NULL,
    "Shartnoma_tugashi" date NOT NULL,
    "O_lchov_birligi" character varying(50) NOT NULL,
    "Qurilma_narxi" numeric(15,2) NOT NULL,
    "Egallagan_maydon" numeric(10,2) NOT NULL,
    "Shartnoma_summasi" numeric(20,2) NOT NULL,
    "Shartnoma_fayl" character varying(100),
    photo character varying(100),
    contact_number character varying(20) NOT NULL,
    created_at timestamp with time zone NOT NULL,
    user_id integer,
    position_id bigint
);


ALTER TABLE public.reklamaproject_advertisement OWNER TO postgres;

--
-- Name: reklamaproject_advertisement_id_seq; Type: SEQUENCE; Schema: public; Owner: postgres
--

ALTER TABLE public.reklamaproject_advertisement ALTER COLUMN id ADD GENERATED BY DEFAULT AS IDENTITY (
    SEQUENCE NAME public.reklamaproject_advertisement_id_seq
    START WITH 1
    INCREMENT BY 1
    NO MINVALUE
    NO MAXVALUE
    CACHE 1
);


--
-- Name: reklamaproject_advertisementarchive; Type: TABLE; Schema: public; Owner: postgres
--

CREATE TABLE public.reklamaproject_advertisementarchive (
    id bigint NOT NULL,
    "Reklama_nomi" character varying(255) NOT NULL,
    "Qurilma_turi" character varying(100) NOT NULL,
    "Ijarachi" character varying(255),
    "Shartnoma_raqami" character varying(100),
    "Shartnoma_muddati_boshlanishi" date NOT NULL,
    "Shartnoma_tugashi" date NOT NULL,
    "O_lchov_birligi" character varying(50) NOT NULL,
    "Qurilma_narxi" numeric(15,2) NOT NULL,
    "Egallagan_maydon" numeric(10,2) NOT NULL,
    "Shartnoma_summasi" numeric(20,2) NOT NULL,
    "Shartnoma_fayl" character varying(100),
    photo character varying(100),
    contact_number character varying(20) NOT NULL,
    created_at timestamp with time zone NOT NULL,
    original_ad_id bigint,
    user_id integer,
    line_id bigint,
    position_id bigint,
    station_id bigint
);


ALTER TABLE public.reklamaproject_advertisementarchive OWNER TO postgres;

--
-- Name: reklamaproject_advertisementarchive_id_seq; Type: SEQUENCE; Schema: public; Owner: postgres
--

ALTER TABLE public.reklamaproject_advertisementarchive ALTER COLUMN id ADD GENERATED BY DEFAULT AS IDENTITY (
    SEQUENCE NAME public.reklamaproject_advertisementarchive_id_seq
    START WITH 1
    INCREMENT BY 1
    NO MINVALUE
    NO MAXVALUE
    CACHE 1
);


--
-- Name: reklamaproject_metroline; Type: TABLE; Schema: public; Owner: postgres
--

CREATE TABLE public.reklamaproject_metroline (
    id bigint NOT NULL,
    name character varying(100)
);


ALTER TABLE public.reklamaproject_metroline OWNER TO postgres;

--
-- Name: reklamaproject_metroline_id_seq; Type: SEQUENCE; Schema: public; Owner: postgres
--

ALTER TABLE public.reklamaproject_metroline ALTER COLUMN id ADD GENERATED BY DEFAULT AS IDENTITY (
    SEQUENCE NAME public.reklamaproject_metroline_id_seq
    START WITH 1
    INCREMENT BY 1
    NO MINVALUE
    NO MAXVALUE
    CACHE 1
);


--
-- Name: reklamaproject_position; Type: TABLE; Schema: public; Owner: postgres
--

CREATE TABLE public.reklamaproject_position (
    id bigint NOT NULL,
    number integer NOT NULL,
    station_id bigint,
    created_at timestamp with time zone NOT NULL,
    created_by_id integer,
    CONSTRAINT reklamaproject_position_number_check CHECK ((number >= 0))
);


ALTER TABLE public.reklamaproject_position OWNER TO postgres;

--
-- Name: reklamaproject_position_id_seq; Type: SEQUENCE; Schema: public; Owner: postgres
--

ALTER TABLE public.reklamaproject_position ALTER COLUMN id ADD GENERATED BY DEFAULT AS IDENTITY (
    SEQUENCE NAME public.reklamaproject_position_id_seq
    START WITH 1
    INCREMENT BY 1
    NO MINVALUE
    NO MAXVALUE
    CACHE 1
);


--
-- Name: reklamaproject_station; Type: TABLE; Schema: public; Owner: postgres
--

CREATE TABLE public.reklamaproject_station (
    id bigint NOT NULL,
    name character varying(100),
    line_id bigint,
    schema_image character varying(100)
);


ALTER TABLE public.reklamaproject_station OWNER TO postgres;

--
-- Name: reklamaproject_station_id_seq; Type: SEQUENCE; Schema: public; Owner: postgres
--

ALTER TABLE public.reklamaproject_station ALTER COLUMN id ADD GENERATED BY DEFAULT AS IDENTITY (
    SEQUENCE NAME public.reklamaproject_station_id_seq
    START WITH 1
    INCREMENT BY 1
    NO MINVALUE
    NO MAXVALUE
    CACHE 1
);


--
-- Name: socialaccount_socialaccount; Type: TABLE; Schema: public; Owner: postgres
--

CREATE TABLE public.socialaccount_socialaccount (
    id integer NOT NULL,
    provider character varying(200) NOT NULL,
    uid character varying(191) NOT NULL,
    last_login timestamp with time zone NOT NULL,
    date_joined timestamp with time zone NOT NULL,
    extra_data jsonb NOT NULL,
    user_id integer NOT NULL
);


ALTER TABLE public.socialaccount_socialaccount OWNER TO postgres;

--
-- Name: socialaccount_socialaccount_id_seq; Type: SEQUENCE; Schema: public; Owner: postgres
--

ALTER TABLE public.socialaccount_socialaccount ALTER COLUMN id ADD GENERATED BY DEFAULT AS IDENTITY (
    SEQUENCE NAME public.socialaccount_socialaccount_id_seq
    START WITH 1
    INCREMENT BY 1
    NO MINVALUE
    NO MAXVALUE
    CACHE 1
);


--
-- Name: socialaccount_socialapp; Type: TABLE; Schema: public; Owner: postgres
--

CREATE TABLE public.socialaccount_socialapp (
    id integer NOT NULL,
    provider character varying(30) NOT NULL,
    name character varying(40) NOT NULL,
    client_id character varying(191) NOT NULL,
    secret character varying(191) NOT NULL,
    key character varying(191) NOT NULL,
    provider_id character varying(200) NOT NULL,
    settings jsonb NOT NULL
);


ALTER TABLE public.socialaccount_socialapp OWNER TO postgres;

--
-- Name: socialaccount_socialapp_id_seq; Type: SEQUENCE; Schema: public; Owner: postgres
--

ALTER TABLE public.socialaccount_socialapp ALTER COLUMN id ADD GENERATED BY DEFAULT AS IDENTITY (
    SEQUENCE NAME public.socialaccount_socialapp_id_seq
    START WITH 1
    INCREMENT BY 1
    NO MINVALUE
    NO MAXVALUE
    CACHE 1
);


--
-- Name: socialaccount_socialtoken; Type: TABLE; Schema: public; Owner: postgres
--

CREATE TABLE public.socialaccount_socialtoken (
    id integer NOT NULL,
    token text NOT NULL,
    token_secret text NOT NULL,
    expires_at timestamp with time zone,
    account_id integer NOT NULL,
    app_id integer
);


ALTER TABLE public.socialaccount_socialtoken OWNER TO postgres;

--
-- Name: socialaccount_socialtoken_id_seq; Type: SEQUENCE; Schema: public; Owner: postgres
--

ALTER TABLE public.socialaccount_socialtoken ALTER COLUMN id ADD GENERATED BY DEFAULT AS IDENTITY (
    SEQUENCE NAME public.socialaccount_socialtoken_id_seq
    START WITH 1
    INCREMENT BY 1
    NO MINVALUE
    NO MAXVALUE
    CACHE 1
);


--
-- Data for Name: account_emailaddress; Type: TABLE DATA; Schema: public; Owner: postgres
--

COPY public.account_emailaddress (id, email, verified, "primary", user_id) FROM stdin;
\.


--
-- Data for Name: account_emailconfirmation; Type: TABLE DATA; Schema: public; Owner: postgres
--

COPY public.account_emailconfirmation (id, created, sent, key, email_address_id) FROM stdin;
\.


--
-- Data for Name: auth_group; Type: TABLE DATA; Schema: public; Owner: postgres
--

COPY public.auth_group (id, name) FROM stdin;
\.


--
-- Data for Name: auth_group_permissions; Type: TABLE DATA; Schema: public; Owner: postgres
--

COPY public.auth_group_permissions (id, group_id, permission_id) FROM stdin;
\.


--
-- Data for Name: auth_permission; Type: TABLE DATA; Schema: public; Owner: postgres
--

COPY public.auth_permission (id, name, content_type_id, codename) FROM stdin;
1	Can add log entry	1	add_logentry
2	Can change log entry	1	change_logentry
3	Can delete log entry	1	delete_logentry
4	Can view log entry	1	view_logentry
5	Can add permission	2	add_permission
6	Can change permission	2	change_permission
7	Can delete permission	2	delete_permission
8	Can view permission	2	view_permission
9	Can add group	3	add_group
10	Can change group	3	change_group
11	Can delete group	3	delete_group
12	Can view group	3	view_group
13	Can add user	4	add_user
14	Can change user	4	change_user
15	Can delete user	4	delete_user
16	Can view user	4	view_user
17	Can add content type	5	add_contenttype
18	Can change content type	5	change_contenttype
19	Can delete content type	5	delete_contenttype
20	Can view content type	5	view_contenttype
21	Can add session	6	add_session
22	Can change session	6	change_session
23	Can delete session	6	delete_session
24	Can view session	6	view_session
25	Can add metro line	7	add_metroline
26	Can change metro line	7	change_metroline
27	Can delete metro line	7	delete_metroline
28	Can view metro line	7	view_metroline
29	Can add Pozitsiya	8	add_position
30	Can change Pozitsiya	8	change_position
31	Can delete Pozitsiya	8	delete_position
32	Can view Pozitsiya	8	view_position
33	Can add advertisement	9	add_advertisement
34	Can change advertisement	9	change_advertisement
35	Can delete advertisement	9	delete_advertisement
36	Can view advertisement	9	view_advertisement
37	Can add station	10	add_station
38	Can change station	10	change_station
39	Can delete station	10	delete_station
40	Can view station	10	view_station
41	Can add advertisement archive	11	add_advertisementarchive
42	Can change advertisement archive	11	change_advertisementarchive
43	Can delete advertisement archive	11	delete_advertisementarchive
44	Can view advertisement archive	11	view_advertisementarchive
45	Can add Token	12	add_token
46	Can change Token	12	change_token
47	Can delete Token	12	delete_token
48	Can view Token	12	view_token
49	Can add Token	13	add_tokenproxy
50	Can change Token	13	change_tokenproxy
51	Can delete Token	13	delete_tokenproxy
52	Can view Token	13	view_tokenproxy
53	Can add email address	14	add_emailaddress
54	Can change email address	14	change_emailaddress
55	Can delete email address	14	delete_emailaddress
56	Can view email address	14	view_emailaddress
57	Can add email confirmation	15	add_emailconfirmation
58	Can change email confirmation	15	change_emailconfirmation
59	Can delete email confirmation	15	delete_emailconfirmation
60	Can view email confirmation	15	view_emailconfirmation
61	Can add social account	16	add_socialaccount
62	Can change social account	16	change_socialaccount
63	Can delete social account	16	delete_socialaccount
64	Can view social account	16	view_socialaccount
65	Can add social application	17	add_socialapp
66	Can change social application	17	change_socialapp
67	Can delete social application	17	delete_socialapp
68	Can view social application	17	view_socialapp
69	Can add social application token	18	add_socialtoken
70	Can change social application token	18	change_socialtoken
71	Can delete social application token	18	delete_socialtoken
72	Can view social application token	18	view_socialtoken
73	Can add access attempt	19	add_accessattempt
74	Can change access attempt	19	change_accessattempt
75	Can delete access attempt	19	delete_accessattempt
76	Can view access attempt	19	view_accessattempt
77	Can add access log	20	add_accesslog
78	Can change access log	20	change_accesslog
79	Can delete access log	20	delete_accesslog
80	Can view access log	20	view_accesslog
81	Can add access failure	21	add_accessfailurelog
82	Can change access failure	21	change_accessfailurelog
83	Can delete access failure	21	delete_accessfailurelog
84	Can view access failure	21	view_accessfailurelog
\.


--
-- Data for Name: auth_user; Type: TABLE DATA; Schema: public; Owner: postgres
--

COPY public.auth_user (id, password, last_login, is_superuser, username, first_name, last_name, email, is_staff, is_active, date_joined) FROM stdin;
2	pbkdf2_sha256$1000000$iXCb2U54aiB39j0VbamF8Z$6cgnwGPN9vzU1w2+Hb7wYcGQSTJmKZ7SeRAfGarxdtY=	2025-08-28 13:36:35.895567+05	f	Islom				f	t	2025-08-28 13:36:06+05
3	pbkdf2_sha256$1000000$EuprmDLo8HcxebC2khEP7G$zyi6WkkXDHcCZKq/w2Rbr/m7OT8CSKq9KaGEuuufO/w=	2025-09-17 08:56:07.290054+05	f	user				f	t	2025-08-29 08:56:49+05
1	pbkdf2_sha256$1000000$d907AZp2TU1kd55wZkL0hD$qP1egEC+HU8j3TFt9Eld2La0c0C6ZcpA9I9w//cmKTs=	2025-09-19 09:39:02.285627+05	t	Sunnat				t	t	2025-08-25 14:25:29.983897+05
\.


--
-- Data for Name: auth_user_groups; Type: TABLE DATA; Schema: public; Owner: postgres
--

COPY public.auth_user_groups (id, user_id, group_id) FROM stdin;
\.


--
-- Data for Name: auth_user_user_permissions; Type: TABLE DATA; Schema: public; Owner: postgres
--

COPY public.auth_user_user_permissions (id, user_id, permission_id) FROM stdin;
\.


--
-- Data for Name: authtoken_token; Type: TABLE DATA; Schema: public; Owner: postgres
--

COPY public.authtoken_token (key, created, user_id) FROM stdin;
\.


--
-- Data for Name: axes_accessattempt; Type: TABLE DATA; Schema: public; Owner: postgres
--

COPY public.axes_accessattempt (id, user_agent, ip_address, username, http_accept, path_info, attempt_time, get_data, post_data, failures_since_start) FROM stdin;
1	Mozilla/5.0 (Windows NT 10.0; Win64; x64) AppleWebKit/537.36 (KHTML, like Gecko) Chrome/139.0.0.0 Safari/537.36	192.168.0.28	Sunnay	application/json, text/plain, */*	/api/token/	2025-08-26 09:04:59.844087+05	\n---------\n	\n---------\n	2
2	Mozilla/5.0 (Windows NT 10.0; Win64; x64) AppleWebKit/537.36 (KHTML, like Gecko) Chrome/139.0.0.0 Safari/537.36	192.168.0.28	dasdsa	application/json, text/plain, */*	/api/token/	2025-08-28 09:36:58.259249+05			1
3	Mozilla/5.0 (Windows NT 10.0; Win64; x64) AppleWebKit/537.36 (KHTML, like Gecko) Chrome/139.0.0.0 Safari/537.36	192.168.0.28	Sunnat	application/json, text/plain, */*	/api/token/	2025-08-28 16:36:15.245351+05			1
4	Mozilla/5.0 (Windows NT 10.0; Win64; x64) AppleWebKit/537.36 (KHTML, like Gecko) Chrome/139.0.0.0 Safari/537.36	192.168.10.41	Sunnat	text/html,application/xhtml+xml,application/xml;q=0.9,image/avif,image/webp,image/apng,*/*;q=0.8,application/signed-exchange;v=b3;q=0.7	/api/v1/auth/login/	2025-09-05 09:10:36.635179+05	\n---------\n	csrfmiddlewaretoken=CbbDKv2vMG7pLQAD855rDWoDADLAbx60YkAdQ07f6zLesFrRr0sxRXWxJTwPGBDH\nnext=/api/stations/\nusername=********************\npassword=********************\nsubmit=Log in\n---------\ncsrfmiddlewaretoken=RfzZuYE72yUedFqUXGeoodO4V3zzfrBbdoYzAtJRmry3Uuh8gBBuCemY4jkOKv8S\nnext=/api/stations/\nusername=********************\npassword=********************\nsubmit=Log in	2
5	Mozilla/5.0 (Macintosh; Intel Mac OS X 10_15_7) AppleWebKit/537.36 (KHTML, like Gecko) Chrome/139.0.0.0 Safari/537.36	88.88.150.22	qwdqwsd	application/json, text/plain, */*	/api/token/	2025-09-09 10:39:59.606195+05			1
7	Mozilla/5.0 (Macintosh; Intel Mac OS X 10_15_7) AppleWebKit/537.36 (KHTML, like Gecko) Chrome/139.0.0.0 Safari/537.36	88.88.150.22	string	application/json	/api/token/	2025-09-09 13:28:23.329535+05			1
8	Mozilla/5.0 (Windows NT 10.0; Win64; x64) AppleWebKit/537.36 (KHTML, like Gecko) Chrome/140.0.0.0 Safari/537.36	192.168.0.7	Sunnat	*/*	/api/token/	2025-09-12 08:13:30.979441+05			1
9	Mozilla/5.0 (Windows NT 10.0; Win64; x64) AppleWebKit/537.36 (KHTML, like Gecko) Chrome/140.0.0.0 Safari/537.36 Edg/140.0.0.0	192.168.0.7	yolchi_1234	*/*	/api/token/	2025-09-16 08:32:21.561195+05			1
10	Mozilla/5.0 (Windows NT 10.0; Win64; x64) AppleWebKit/537.36 (KHTML, like Gecko) Chrome/140.0.0.0 Safari/537.36 Edg/140.0.0.0	192.168.0.7	yolchi_123	*/*	/api/token/	2025-09-16 08:33:06.910111+05	\n---------\n\n---------\n	\n---------\n\n---------\n	3
11	Mozilla/5.0 (Windows NT 10.0; Win64; x64) AppleWebKit/537.36 (KHTML, like Gecko) Chrome/140.0.0.0 Safari/537.36 Edg/140.0.0.0	88.88.88.117	user	*/*	/api/token/	2025-09-19 09:57:44.528024+05			1
6	Mozilla/5.0 (Macintosh; Intel Mac OS X 10_15_7) AppleWebKit/537.36 (KHTML, like Gecko) Chrome/139.0.0.0 Safari/537.36	88.88.150.22	Sunnat	application/json, text/plain, */*	/api/token/	2025-09-10 11:14:35.806129+05	\n---------\n\n---------\n\n---------\n\n---------\n\n---------\n\n---------\n\n---------\n\n---------\n\n---------\n	csrfmiddlewaretoken=HjreJY63NCI1Z6RSKpb2ZpZrTRaBmS7JQ1JnTjdR5tLcFCkQbKJ41bfmkjy9ooiD\nnext=/api/\nusername=********************\npassword=********************\nsubmit=Log in\n---------\n\n---------\n\n---------\n\n---------\n\n---------\n\n---------\n\n---------\n\n---------\n\n---------\n	10
\.


--
-- Data for Name: axes_accessfailurelog; Type: TABLE DATA; Schema: public; Owner: postgres
--

COPY public.axes_accessfailurelog (id, user_agent, ip_address, username, http_accept, path_info, attempt_time, locked_out) FROM stdin;
\.


--
-- Data for Name: axes_accesslog; Type: TABLE DATA; Schema: public; Owner: postgres
--

COPY public.axes_accesslog (id, user_agent, ip_address, username, http_accept, path_info, attempt_time, logout_time, session_hash) FROM stdin;
1	Mozilla/5.0 (Windows NT 10.0; Win64; x64) AppleWebKit/537.36 (KHTML, like Gecko) Chrome/139.0.0.0 Safari/537.36	192.168.0.28	Sunnat	text/html,application/xhtml+xml,application/xml;q=0.9,image/avif,image/webp,image/apng,*/*;q=0.8,application/signed-exchange;v=b3;q=0.7	/api/v1/auth/login/	2025-08-25 14:25:48.330419+05	\N	c037b7a8f469d38abe012f323e15f8191ad4f2d8cd9af0784effa9929a692f39
2	Mozilla/5.0 (Windows NT 10.0; Win64; x64) AppleWebKit/537.36 (KHTML, like Gecko) Chrome/139.0.0.0 Safari/537.36	192.168.10.41	Sunnat	text/html,application/xhtml+xml,application/xml;q=0.9,image/avif,image/webp,image/apng,*/*;q=0.8,application/signed-exchange;v=b3;q=0.7	/api/v1/auth/login/	2025-08-25 16:53:14.310831+05	\N	4b2b9b3dc0cd210f6da8a0e9fa64ddbf054567847874e70d967019a7a08b005c
3	Mozilla/5.0 (Windows NT 10.0; Win64; x64) AppleWebKit/537.36 (KHTML, like Gecko) Chrome/139.0.0.0 Safari/537.36	192.168.0.28	Sunnat	text/html,application/xhtml+xml,application/xml;q=0.9,image/avif,image/webp,image/apng,*/*;q=0.8,application/signed-exchange;v=b3;q=0.7	/api/v1/auth/login/	2025-08-28 08:52:32.763687+05	\N	0c9b98a718caa47a2611d7e3877bf4816f564343d84593a56b0c5fb9cbffb926
4	Mozilla/5.0 (Windows NT 10.0; Win64; x64) AppleWebKit/537.36 (KHTML, like Gecko) Chrome/139.0.0.0 Safari/537.36	192.168.10.41	Sunnat	text/html,application/xhtml+xml,application/xml;q=0.9,image/avif,image/webp,image/apng,*/*;q=0.8,application/signed-exchange;v=b3;q=0.7	/api/v1/auth/login/	2025-08-28 09:00:03.033872+05	2025-08-28 13:36:27.252752+05	fc02a526bfa227666bce6e39789f9de2eb6b421bdb8ba29536b88106a1daf2d8
5	Mozilla/5.0 (Windows NT 10.0; Win64; x64) AppleWebKit/537.36 (KHTML, like Gecko) Chrome/139.0.0.0 Safari/537.36	192.168.10.41	Islom	text/html,application/xhtml+xml,application/xml;q=0.9,image/avif,image/webp,image/apng,*/*;q=0.8,application/signed-exchange;v=b3;q=0.7	/api/v1/auth/login/	2025-08-28 13:36:35.897628+05	\N	ef5cd2c960814a84b7ad49d393be3bf0f8b9d752cf598663f8080d315cc8a218
6	Mozilla/5.0 (Windows NT 10.0; Win64; x64) AppleWebKit/537.36 (KHTML, like Gecko) Chrome/139.0.0.0 Safari/537.36	192.168.10.41	Sunnat	text/html,application/xhtml+xml,application/xml;q=0.9,image/avif,image/webp,image/apng,*/*;q=0.8,application/signed-exchange;v=b3;q=0.7	/secret_admin/login/	2025-08-29 08:56:24.665796+05	\N	142101007671be1914f6499c61dcf4a5859cfd0e1159b2cd0e38c5b94670aa25
7	Mozilla/5.0 (Windows NT 10.0; Win64; x64) AppleWebKit/537.36 (KHTML, like Gecko) Chrome/139.0.0.0 Safari/537.36	192.168.10.41	Sunnat	text/html,application/xhtml+xml,application/xml;q=0.9,image/avif,image/webp,image/apng,*/*;q=0.8,application/signed-exchange;v=b3;q=0.7	/api/v1/auth/login/	2025-08-29 13:54:10.218983+05	\N	b9a2289afb93d81e700d23be64e481b4ab9dddf651c49f3ceb14c0788a877934
8	Mozilla/5.0 (Windows NT 10.0; Win64; x64) AppleWebKit/537.36 (KHTML, like Gecko) Chrome/139.0.0.0 Safari/537.36	192.168.10.41	Sunnat	text/html,application/xhtml+xml,application/xml;q=0.9,image/avif,image/webp,image/apng,*/*;q=0.8,application/signed-exchange;v=b3;q=0.7	/api/v1/auth/login/	2025-09-05 09:11:42.011622+05	\N	5a4640560a0587df612268e66ef335f87313b756701ebecc18eb6996d897faba
9	Mozilla/5.0 (Windows NT 10.0; Win64; x64) AppleWebKit/537.36 (KHTML, like Gecko) Chrome/139.0.0.0 Safari/537.36	192.168.10.41	Sunnat	text/html,application/xhtml+xml,application/xml;q=0.9,image/avif,image/webp,image/apng,*/*;q=0.8,application/signed-exchange;v=b3;q=0.7	/api/v1/auth/login/	2025-09-05 10:15:51.605796+05	\N	ea4949fbebad8cf1f8ccc5c586a7c5c72d123f9270046799b69ad3b1e367ce73
10	Mozilla/5.0 (Windows NT 10.0; Win64; x64) AppleWebKit/537.36 (KHTML, like Gecko) Chrome/139.0.0.0 Safari/537.36	192.168.10.41	Sunnat	text/html,application/xhtml+xml,application/xml;q=0.9,image/avif,image/webp,image/apng,*/*;q=0.8,application/signed-exchange;v=b3;q=0.7	/api/v1/auth/login/	2025-09-05 10:39:03.070983+05	\N	e0641788f6bcfe172ab5990bd4dfa160e77857f34231d84560a69ac7d6c62cd6
11	Mozilla/5.0 (Windows NT 10.0; Win64; x64) AppleWebKit/537.36 (KHTML, like Gecko) Chrome/139.0.0.0 Safari/537.36	192.168.10.41	Sunnat	text/html,application/xhtml+xml,application/xml;q=0.9,image/avif,image/webp,image/apng,*/*;q=0.8,application/signed-exchange;v=b3;q=0.7	/api/v1/auth/login/	2025-09-05 11:09:34.583186+05	\N	c960ccf1784d3728db78bea5424a04ae461e34cfa401583a5fe9c132de1b1c7b
12	Mozilla/5.0 (Windows NT 10.0; Win64; x64) AppleWebKit/537.36 (KHTML, like Gecko) Chrome/139.0.0.0 Safari/537.36	192.168.10.41	Sunnat	text/html,application/xhtml+xml,application/xml;q=0.9,image/avif,image/webp,image/apng,*/*;q=0.8,application/signed-exchange;v=b3;q=0.7	/api/v1/auth/login/	2025-09-05 13:55:02.762139+05	\N	949669c04bf60c45db69c3feb6c23decfbd450df9a4b8223146fd2fa746f6ffd
13	Mozilla/5.0 (Windows NT 10.0; Win64; x64) AppleWebKit/537.36 (KHTML, like Gecko) Chrome/139.0.0.0 Safari/537.36	192.168.10.41	Sunnat	text/html,application/xhtml+xml,application/xml;q=0.9,image/avif,image/webp,image/apng,*/*;q=0.8,application/signed-exchange;v=b3;q=0.7	/api/v1/auth/login/	2025-09-05 14:46:37.358398+05	\N	f553c99a978c7f2c5898819b3aaf2425d68473d66a6d71a8147128736db9731e
14	Mozilla/5.0 (Windows NT 10.0; Win64; x64) AppleWebKit/537.36 (KHTML, like Gecko) Chrome/139.0.0.0 Safari/537.36	192.168.10.41	Sunnat	text/html,application/xhtml+xml,application/xml;q=0.9,image/avif,image/webp,image/apng,*/*;q=0.8,application/signed-exchange;v=b3;q=0.7	/api/v1/auth/login/	2025-09-08 09:29:07.401894+05	\N	249541e1fb5870fff26f391ef71cfe8c0740c73f32f320c4fdf4dda03f451307
15	Mozilla/5.0 (Windows NT 10.0; Win64; x64) AppleWebKit/537.36 (KHTML, like Gecko) Chrome/139.0.0.0 Safari/537.36	192.168.10.41	Sunnat	text/html,application/xhtml+xml,application/xml;q=0.9,image/avif,image/webp,image/apng,*/*;q=0.8,application/signed-exchange;v=b3;q=0.7	/api/v1/auth/login/	2025-09-08 09:51:09.374014+05	\N	69fbe06aac669caf577ade2386c997093a5ecb3c2eff2319e3ae06a21d182ede
16	Mozilla/5.0 (Windows NT 10.0; Win64; x64) AppleWebKit/537.36 (KHTML, like Gecko) Chrome/139.0.0.0 Safari/537.36	192.168.10.41	Sunnat	text/html,application/xhtml+xml,application/xml;q=0.9,image/avif,image/webp,image/apng,*/*;q=0.8,application/signed-exchange;v=b3;q=0.7	/api/v1/auth/login/	2025-09-08 10:02:20.24993+05	\N	08d6c9b09a6bfd78c495913af8940306f7d2f7e7bb3634163d906aad4f64a48e
17	Mozilla/5.0 (Macintosh; Intel Mac OS X 10_15_7) AppleWebKit/537.36 (KHTML, like Gecko) Chrome/139.0.0.0 Safari/537.36	88.88.150.22	Sunnat	text/html,application/xhtml+xml,application/xml;q=0.9,image/avif,image/webp,image/apng,*/*;q=0.8,application/signed-exchange;v=b3;q=0.7	/api/v1/auth/login/	2025-09-09 13:27:36.725868+05	\N	8d906effdafed69e6a19e7b19c5b13d91f103e52bed63e6732cec83b0952da76
18	Mozilla/5.0 (Windows NT 10.0; Win64; x64) AppleWebKit/537.36 (KHTML, like Gecko) Chrome/139.0.0.0 Safari/537.36	192.168.10.41	Sunnat	text/html,application/xhtml+xml,application/xml;q=0.9,image/avif,image/webp,image/apng,*/*;q=0.8,application/signed-exchange;v=b3;q=0.7	/api/v1/auth/login/	2025-09-09 15:06:10.430195+05	2025-09-09 15:20:19.888979+05	1fedcf1dde4d2b3096a5ca279d510bc3ac83aff01010bd24b0762d7da827997a
19	Mozilla/5.0 (Windows NT 10.0; Win64; x64) AppleWebKit/537.36 (KHTML, like Gecko) Chrome/140.0.0.0 Safari/537.36	192.168.10.41	Sunnat	text/html,application/xhtml+xml,application/xml;q=0.9,image/avif,image/webp,image/apng,*/*;q=0.8,application/signed-exchange;v=b3;q=0.7	/api/v1/auth/login/	2025-09-11 09:27:12.611758+05	\N	1fe7f738254bbb55784768d1e2d272b33334eee16778ef044781f4c0598dec45
20	Mozilla/5.0 (Windows NT 10.0; Win64; x64) AppleWebKit/537.36 (KHTML, like Gecko) Chrome/140.0.0.0 Safari/537.36	192.168.10.41	Sunnat	text/html,application/xhtml+xml,application/xml;q=0.9,image/avif,image/webp,image/apng,*/*;q=0.8,application/signed-exchange;v=b3;q=0.7	/api/v1/auth/login/	2025-09-11 10:10:11.860379+05	\N	e43add604e5187db9ffd07d9f79e61fb1532f4518eb7e3dd643b6a9b26f0dd97
21	Mozilla/5.0 (Windows NT 10.0; Win64; x64) AppleWebKit/537.36 (KHTML, like Gecko) Chrome/140.0.0.0 Safari/537.36	192.168.0.28	Sunnat	text/html,application/xhtml+xml,application/xml;q=0.9,image/avif,image/webp,image/apng,*/*;q=0.8,application/signed-exchange;v=b3;q=0.7	/api/v1/auth/login/	2025-09-11 10:55:07.690162+05	\N	47628df99db5f19ffae3cf62cb025ef9ef8c2bad0d038e0a830628c88fd971cf
22	Mozilla/5.0 (Windows NT 10.0; Win64; x64) AppleWebKit/537.36 (KHTML, like Gecko) Chrome/140.0.0.0 Safari/537.36	192.168.10.41	Sunnat	text/html,application/xhtml+xml,application/xml;q=0.9,image/avif,image/webp,image/apng,*/*;q=0.8,application/signed-exchange;v=b3;q=0.7	/api/v1/auth/login/	2025-09-11 16:55:09.248211+05	\N	aaa5004464cdc44432d2eb97a0f517bfdc4a594b3512df0716a061f31f00c08f
23	Mozilla/5.0 (Windows NT 10.0; Win64; x64) AppleWebKit/537.36 (KHTML, like Gecko) Chrome/140.0.0.0 Safari/537.36	192.168.0.28	user	text/html,application/xhtml+xml,application/xml;q=0.9,image/avif,image/webp,image/apng,*/*;q=0.8,application/signed-exchange;v=b3;q=0.7	/api/v1/auth/login/	2025-09-17 08:56:07.295068+05	2025-09-17 09:08:41.775778+05	6820a048996285aa9531eb19779a7af36ee9470a285b9d86d3dfc0e9e5b2f0a3
24	Mozilla/5.0 (Windows NT 10.0; Win64; x64) AppleWebKit/537.36 (KHTML, like Gecko) Chrome/140.0.0.0 Safari/537.36	192.168.0.28	Sunnat	text/html,application/xhtml+xml,application/xml;q=0.9,image/avif,image/webp,image/apng,*/*;q=0.8,application/signed-exchange;v=b3;q=0.7	/api/v1/auth/login/	2025-09-17 09:21:42.508517+05	\N	df72dc691f915750f2feb24fa840f905111c6b3b161c6647f9730af54e3c7eaf
25	Mozilla/5.0 (Windows NT 10.0; Win64; x64) AppleWebKit/537.36 (KHTML, like Gecko) Chrome/140.0.0.0 Safari/537.36	192.168.10.41	Sunnat	text/html,application/xhtml+xml,application/xml;q=0.9,image/avif,image/webp,image/apng,*/*;q=0.8,application/signed-exchange;v=b3;q=0.7	/secret_admin/login/	2025-09-17 09:39:33.905711+05	\N	059ef357773340eb0c30f573fbd21ef64c3db9ec1fbfbf84b715087517e4d59d
26	Mozilla/5.0 (Windows NT 10.0; Win64; x64) AppleWebKit/537.36 (KHTML, like Gecko) Chrome/140.0.0.0 Safari/537.36	192.168.10.41	Sunnat	text/html,application/xhtml+xml,application/xml;q=0.9,image/avif,image/webp,image/apng,*/*;q=0.8,application/signed-exchange;v=b3;q=0.7	/secret_admin/login/	2025-09-17 10:36:31.662446+05	\N	89aa06756b58a74c476375da7217d86974c5394fddabc820c974854c462ece30
27	Mozilla/5.0 (Windows NT 10.0; Win64; x64) AppleWebKit/537.36 (KHTML, like Gecko) Chrome/140.0.0.0 Safari/537.36	192.168.10.41	Sunnat	text/html,application/xhtml+xml,application/xml;q=0.9,image/avif,image/webp,image/apng,*/*;q=0.8,application/signed-exchange;v=b3;q=0.7	/api/v1/auth/login/	2025-09-17 14:07:36.059685+05	\N	07a4e74d6d69b3cebd769611e0438fb420cb0acd1a4ac60752d4c52290ddc9c2
28	Mozilla/5.0 (Windows NT 10.0; Win64; x64) AppleWebKit/537.36 (KHTML, like Gecko) Chrome/140.0.0.0 Safari/537.36	192.168.0.28	Sunnat	text/html,application/xhtml+xml,application/xml;q=0.9,image/avif,image/webp,image/apng,*/*;q=0.8,application/signed-exchange;v=b3;q=0.7	/api/v1/auth/login/	2025-09-18 17:17:20.618813+05	\N	564d9575546a8163b1088794c2f3b80e5abdf77b70b934ab4d6c88cc677d8969
29	Mozilla/5.0 (Windows NT 10.0; Win64; x64) AppleWebKit/537.36 (KHTML, like Gecko) Chrome/140.0.0.0 Safari/537.36	192.168.10.41	Sunnat	text/html,application/xhtml+xml,application/xml;q=0.9,image/avif,image/webp,image/apng,*/*;q=0.8,application/signed-exchange;v=b3;q=0.7	/api/v1/auth/login/	2025-09-19 09:39:02.290672+05	\N	3a30368f0686745463eaf6b5c3392ad16724daab67d059a99d0bd94d56add754
\.


--
-- Data for Name: django_admin_log; Type: TABLE DATA; Schema: public; Owner: postgres
--

COPY public.django_admin_log (id, action_time, object_id, object_repr, action_flag, change_message, content_type_id, user_id) FROM stdin;
1	2025-08-26 16:01:18.50082+05	7	televizor (None)	3		11	1
2	2025-08-26 16:01:18.50082+05	6	televizor (None)	3		11	1
3	2025-08-26 16:01:18.50082+05	5	tetert (None)	3		11	1
4	2025-08-26 16:01:18.50082+05	4	televizor (Beruniy - Joy #8)	3		11	1
5	2025-08-26 16:01:18.50082+05	3	Ake water (Beruniy - Joy #8)	3		11	1
6	2025-08-26 16:01:18.50082+05	2	Ake water (None)	3		11	1
7	2025-08-26 16:19:46.341465+05	9	gtertger (Tinchlik - Joy #234)	3		11	1
8	2025-08-26 16:19:46.341465+05	8	dasd (None)	3		11	1
9	2025-08-26 16:19:46.341465+05	1	Ake water (None)	3		11	1
10	2025-08-26 16:19:54.541967+05	19	gtertger45435 (Tinchlik - Joy #234)	3		9	1
11	2025-08-26 16:19:54.542473+05	18	rwerwerwerwerwerwerwerwe (Beruniy - Joy #556755756)	3		9	1
12	2025-08-26 16:19:54.542473+05	17	islomjon	3		9	1
13	2025-08-26 16:19:54.542473+05	15	islom	3		9	1
14	2025-08-28 13:36:06.644401+05	2	Islom	1	[{"added": {}}]	4	1
15	2025-08-28 13:36:08.421891+05	2	Islom	2	[]	4	1
16	2025-08-29 08:56:49.736299+05	3	user	1	[{"added": {}}]	4	1
17	2025-08-29 08:56:50.802899+05	3	user	2	[]	4	1
18	2025-08-29 09:24:00.997262+05	47	Telekom uchun (None)	3		11	1
19	2025-08-29 09:24:00.997262+05	46	Telekom (None)	3		11	1
20	2025-08-29 09:24:00.997262+05	45	Ake water (None)	3		11	1
21	2025-08-29 09:24:00.997262+05	44	Ake water (None)	3		11	1
22	2025-08-29 09:24:00.997262+05	43	Samsung seo-service (None)	3		11	1
23	2025-08-29 09:24:00.997262+05	42	Ake water (None)	3		11	1
24	2025-08-29 09:24:00.997262+05	41	Samsung seo-service (None)	3		11	1
25	2025-08-29 09:24:00.997262+05	40	Ake water (None)	3		11	1
26	2025-08-29 09:24:00.997262+05	39	rdfsdf (None)	3		11	1
27	2025-08-29 09:24:00.997262+05	38	Samsung seo (None)	3		11	1
28	2025-08-29 09:24:00.997262+05	37	wqewqe (None)	3		11	1
29	2025-08-29 09:24:00.997262+05	36	Ake water (None)	3		11	1
30	2025-08-29 09:24:00.997262+05	35	Ake water (None)	3		11	1
31	2025-08-29 09:24:00.997262+05	34	terterter (None)	3		11	1
32	2025-08-29 09:24:00.997262+05	33	Ake water (None)	3		11	1
33	2025-08-29 09:24:00.997262+05	32	erterter (None)	3		11	1
34	2025-08-29 09:24:00.997262+05	31	Ake water (None)	3		11	1
35	2025-08-29 09:24:00.997262+05	30	erterter (None)	3		11	1
36	2025-08-29 09:24:00.997262+05	29	rwerwerfwe (None)	3		11	1
37	2025-08-29 09:24:00.997262+05	28	Ake water (None)	3		11	1
38	2025-08-29 09:24:00.997262+05	27	rwerwerfwe (None)	3		11	1
39	2025-08-29 09:24:00.997262+05	26	Samsung seo-servicesa3 (None)	3		11	1
40	2025-08-29 09:24:00.997262+05	25	Samsung seo-servicesa (None)	3		11	1
41	2025-08-29 09:24:00.997262+05	24	Samsung seo-servicesa (None)	3		11	1
42	2025-08-29 09:24:00.997262+05	23	Samsung seo-services (None)	3		11	1
43	2025-08-29 09:24:00.997262+05	22	Samsung seo-service (None)	3		11	1
44	2025-08-29 09:24:00.997262+05	21	Samsung seo-service (None)	3		11	1
45	2025-08-29 09:24:00.997262+05	20	Ake water (None)	3		11	1
46	2025-08-29 09:24:00.997262+05	19	Ake water (None)	3		11	1
47	2025-08-29 09:24:00.997262+05	18	Samsung seo-service (None)	3		11	1
48	2025-08-29 09:24:00.997262+05	17	wqewqewqe (None)	3		11	1
49	2025-08-29 09:24:00.997262+05	16	wqewqewqe (None)	3		11	1
50	2025-09-17 09:39:56.14609+05	60	Uzum karta (Mingo'rik - Joy #1)	3		9	1
51	2025-09-17 09:39:56.14609+05	59	test (Qo'yliq - Joy #1)	3		9	1
52	2025-09-17 09:39:56.14609+05	58	Yapona mama ( - Joy #3)	3		9	1
53	2025-09-17 09:39:56.14609+05	56	Uzum karta ( - Joy #1)	3		9	1
\.


--
-- Data for Name: django_content_type; Type: TABLE DATA; Schema: public; Owner: postgres
--

COPY public.django_content_type (id, app_label, model) FROM stdin;
1	admin	logentry
2	auth	permission
3	auth	group
4	auth	user
5	contenttypes	contenttype
6	sessions	session
7	reklamaproject	metroline
8	reklamaproject	position
9	reklamaproject	advertisement
10	reklamaproject	station
11	reklamaproject	advertisementarchive
12	authtoken	token
13	authtoken	tokenproxy
14	account	emailaddress
15	account	emailconfirmation
16	socialaccount	socialaccount
17	socialaccount	socialapp
18	socialaccount	socialtoken
19	axes	accessattempt
20	axes	accesslog
21	axes	accessfailurelog
\.


--
-- Data for Name: django_migrations; Type: TABLE DATA; Schema: public; Owner: postgres
--

COPY public.django_migrations (id, app, name, applied) FROM stdin;
1	contenttypes	0001_initial	2025-08-25 14:25:05.955764+05
2	auth	0001_initial	2025-08-25 14:25:05.997698+05
3	account	0001_initial	2025-08-25 14:25:06.017891+05
4	account	0002_email_max_length	2025-08-25 14:25:06.023707+05
5	account	0003_alter_emailaddress_create_unique_verified_email	2025-08-25 14:25:06.032721+05
6	account	0004_alter_emailaddress_drop_unique_email	2025-08-25 14:25:06.042994+05
7	account	0005_emailaddress_idx_upper_email	2025-08-25 14:25:06.050442+05
8	account	0006_emailaddress_lower	2025-08-25 14:25:06.053845+05
9	account	0007_emailaddress_idx_email	2025-08-25 14:25:06.064782+05
10	account	0008_emailaddress_unique_primary_email_fixup	2025-08-25 14:25:06.072028+05
11	account	0009_emailaddress_unique_primary_email	2025-08-25 14:25:06.09269+05
12	admin	0001_initial	2025-08-25 14:25:06.111334+05
13	admin	0002_logentry_remove_auto_add	2025-08-25 14:25:06.114349+05
14	admin	0003_logentry_add_action_flag_choices	2025-08-25 14:25:06.11963+05
15	contenttypes	0002_remove_content_type_name	2025-08-25 14:25:06.126765+05
16	auth	0002_alter_permission_name_max_length	2025-08-25 14:25:06.132643+05
17	auth	0003_alter_user_email_max_length	2025-08-25 14:25:06.138492+05
18	auth	0004_alter_user_username_opts	2025-08-25 14:25:06.143132+05
19	auth	0005_alter_user_last_login_null	2025-08-25 14:25:06.144146+05
20	auth	0006_require_contenttypes_0002	2025-08-25 14:25:06.144146+05
21	auth	0007_alter_validators_add_error_messages	2025-08-25 14:25:06.151809+05
22	auth	0008_alter_user_username_max_length	2025-08-25 14:25:06.154794+05
23	auth	0009_alter_user_last_name_max_length	2025-08-25 14:25:06.163254+05
24	auth	0010_alter_group_name_max_length	2025-08-25 14:25:06.169805+05
25	auth	0011_update_proxy_permissions	2025-08-25 14:25:06.174227+05
26	auth	0012_alter_user_first_name_max_length	2025-08-25 14:25:06.177254+05
27	authtoken	0001_initial	2025-08-25 14:25:06.190936+05
28	authtoken	0002_auto_20160226_1747	2025-08-25 14:25:06.202267+05
29	authtoken	0003_tokenproxy	2025-08-25 14:25:06.202267+05
30	authtoken	0004_alter_tokenproxy_options	2025-08-25 14:25:06.207524+05
31	axes	0001_initial	2025-08-25 14:25:06.212209+05
32	axes	0002_auto_20151217_2044	2025-08-25 14:25:06.222001+05
33	axes	0003_auto_20160322_0929	2025-08-25 14:25:06.237877+05
34	axes	0004_auto_20181024_1538	2025-08-25 14:25:06.244519+05
35	axes	0005_remove_accessattempt_trusted	2025-08-25 14:25:06.245502+05
36	axes	0006_remove_accesslog_trusted	2025-08-25 14:25:06.245502+05
37	axes	0007_alter_accessattempt_unique_together	2025-08-25 14:25:06.256312+05
38	axes	0008_accessfailurelog	2025-08-25 14:25:06.26603+05
39	axes	0009_add_session_hash	2025-08-25 14:25:06.268745+05
40	reklamaproject	0001_initial	2025-08-25 14:25:06.318136+05
41	reklamaproject	0002_remove_station_x_remove_station_y_position_x_and_more	2025-08-25 14:25:06.323375+05
42	reklamaproject	0003_alter_advertisement_position	2025-08-25 14:25:06.336203+05
43	reklamaproject	0004_alter_position_station_alter_station_line	2025-08-25 14:25:06.354866+05
44	reklamaproject	0005_remove_position_x_remove_position_y	2025-08-25 14:25:06.360869+05
45	sessions	0001_initial	2025-08-25 14:25:06.365849+05
46	socialaccount	0001_initial	2025-08-25 14:25:06.421859+05
47	socialaccount	0002_token_max_lengths	2025-08-25 14:25:06.433758+05
48	socialaccount	0003_extra_data_default_dict	2025-08-25 14:25:06.442138+05
49	socialaccount	0004_app_provider_id_settings	2025-08-25 14:25:06.452797+05
50	socialaccount	0005_socialtoken_nullable_app	2025-08-25 14:25:06.465803+05
51	socialaccount	0006_alter_socialaccount_extra_data	2025-08-25 14:25:06.473654+05
52	reklamaproject	0006_remove_station_schema_image_station_schema_file	2025-08-26 10:18:53.029011+05
53	reklamaproject	0007_rename_schema_file_station_schema_image	2025-08-26 10:20:37.436474+05
54	reklamaproject	0008_alter_advertisement_position_and_more	2025-08-26 16:19:16.118293+05
55	reklamaproject	0009_alter_advertisementarchive_position_and_more	2025-08-28 08:59:30.228363+05
56	reklamaproject	0010_position_created_at_position_created_by	2025-08-28 16:58:02.410218+05
\.


--
-- Data for Name: django_session; Type: TABLE DATA; Schema: public; Owner: postgres
--

COPY public.django_session (session_key, session_data, expire_date) FROM stdin;
5mq2mbr4dr8q7dlwailqll1k0dsa0qbo	.eJxVjEEOwiAQRe_C2hChUMCle89AGGZGqgaS0q6Md7dNutDte-__t4hpXUpcO81xQnERSpx-GaT8pLoLfKR6bzK3uswTyD2Rh-3y1pBe16P9Oyipl21tHWj0dCawTmVE0hByspZZWRNYO3AKzcDGgNaeYcyEGAz7EXnYoPh8AQSeONI:1uqTSW:4xbt-7s5NUNBwszPBwXmGb4boB1uTOYyaSaMdv5S_cw	2025-09-08 14:25:48.330419+05
psd5vqo2hrsd9gw7shy8l8tr17wrjq6g	.eJxVjEEOwiAQRe_C2hChUMCle89AGGZGqgaS0q6Md7dNutDte-__t4hpXUpcO81xQnERSpx-GaT8pLoLfKR6bzK3uswTyD2Rh-3y1pBe16P9Oyipl21tHWj0dCawTmVE0hByspZZWRNYO3AKzcDGgNaeYcyEGAz7EXnYoPh8AQSeONI:1uqVlC:k3k65T0NOu-NjIZxyugeIi6uEMhGFR3e6KscrsFWALw	2025-09-08 16:53:14.310831+05
ndnobqmcqkb3kg78f8n4iydu7ny524md	.eJxVjEEOwiAQRe_C2hChUMCle89AGGZGqgaS0q6Md7dNutDte-__t4hpXUpcO81xQnERSpx-GaT8pLoLfKR6bzK3uswTyD2Rh-3y1pBe16P9Oyipl21tHWj0dCawTmVE0hByspZZWRNYO3AKzcDGgNaeYcyEGAz7EXnYoPh8AQSeONI:1urTge:xtiRvWzkkJDLXXgetmJ7mKhbiCrltxX_9iVFoR1MnPM	2025-09-11 08:52:32.763687+05
pt51p7r542852dk6o4nueikxdgq0kxfd	.eJxVjEEOwiAQRe_C2hChUMCle89AGGZGqgaS0q6Md7dNutDte-__t4hpXUpcO81xQnERSpx-GaT8pLoLfKR6bzK3uswTyD2Rh-3y1pBe16P9Oyipl21tHWj0dCawTmVE0hByspZZWRNYO3AKzcDGgNaeYcyEGAz7EXnYoPh8AQSeONI:1urqDw:AToUIsNrRXnKJhLunZHrfvn8KdEjQaTWzD82vM-men0	2025-09-12 08:56:24.666405+05
gbv4znrn3kklszfjbiiry0kbfvfgerxx	.eJxVjEEOwiAQRe_C2hChUMCle89AGGZGqgaS0q6Md7dNutDte-__t4hpXUpcO81xQnERSpx-GaT8pLoLfKR6bzK3uswTyD2Rh-3y1pBe16P9Oyipl21tHWj0dCawTmVE0hByspZZWRNYO3AKzcDGgNaeYcyEGAz7EXnYoPh8AQSeONI:1urus6:tvoGJsUdlWfQD4QBHMuzgwRSWQfav7xoM9OdR0az-z4	2025-09-12 13:54:10.221167+05
gv60ym7gudbtfnjpyf2sgpftqcc60d2i	.eJxVjEEOwiAQRe_C2hChUMCle89AGGZGqgaS0q6Md7dNutDte-__t4hpXUpcO81xQnERSpx-GaT8pLoLfKR6bzK3uswTyD2Rh-3y1pBe16P9Oyipl21tHWj0dCawTmVE0hByspZZWRNYO3AKzcDGgNaeYcyEGAz7EXnYoPh8AQSeONI:1uuNna:M1dmdTF_CJbG00nRfpkjeo6Ea80YiNxkBr5V7EkaVJs	2025-09-19 09:11:42.014636+05
g8c1yqa8z194jwu3lpy8b41cosojc9mo	.eJxVjEEOwiAQRe_C2hChUMCle89AGGZGqgaS0q6Md7dNutDte-__t4hpXUpcO81xQnERSpx-GaT8pLoLfKR6bzK3uswTyD2Rh-3y1pBe16P9Oyipl21tHWj0dCawTmVE0hByspZZWRNYO3AKzcDGgNaeYcyEGAz7EXnYoPh8AQSeONI:1uuOnf:EMe7tn34_TA6ZIoaa4JI6IZoW4fcDGzXWY2P18dn7lU	2025-09-19 10:15:51.608397+05
qiwhujwa19u1njggcz8kohjxq0d3ms2d	.eJxVjEEOwiAQRe_C2hChUMCle89AGGZGqgaS0q6Md7dNutDte-__t4hpXUpcO81xQnERSpx-GaT8pLoLfKR6bzK3uswTyD2Rh-3y1pBe16P9Oyipl21tHWj0dCawTmVE0hByspZZWRNYO3AKzcDGgNaeYcyEGAz7EXnYoPh8AQSeONI:1uuPA7:2pIajcz2YsbDIOGRWn9oV_weGrtIoPAVq6vwnASpbjI	2025-09-19 10:39:03.072409+05
tlc5k8i9k9yjp9h0e5lkt6gi3xje2j63	.eJxVjEEOwiAQRe_C2hChUMCle89AGGZGqgaS0q6Md7dNutDte-__t4hpXUpcO81xQnERSpx-GaT8pLoLfKR6bzK3uswTyD2Rh-3y1pBe16P9Oyipl21tHWj0dCawTmVE0hByspZZWRNYO3AKzcDGgNaeYcyEGAz7EXnYoPh8AQSeONI:1uuPde:b9X5Q5mgVquP494ujFjsDLldKMWOFNgSp5pIVJAZmbg	2025-09-19 11:09:34.585224+05
5h8nt4k20pvxilpq5hghmt631o6qyjqo	.eJxVjEEOwiAQRe_C2hChUMCle89AGGZGqgaS0q6Md7dNutDte-__t4hpXUpcO81xQnERSpx-GaT8pLoLfKR6bzK3uswTyD2Rh-3y1pBe16P9Oyipl21tHWj0dCawTmVE0hByspZZWRNYO3AKzcDGgNaeYcyEGAz7EXnYoPh8AQSeONI:1uuSDm:GKt_7CE9ISZEi3UDOOuac-s7hJ9zFvWKV8H9zSFLvCE	2025-09-19 13:55:02.76514+05
zjv45gfyi9r1fln68c4ndkm7l9xvglcy	.eJxVjEEOwiAQRe_C2hChUMCle89AGGZGqgaS0q6Md7dNutDte-__t4hpXUpcO81xQnERSpx-GaT8pLoLfKR6bzK3uswTyD2Rh-3y1pBe16P9Oyipl21tHWj0dCawTmVE0hByspZZWRNYO3AKzcDGgNaeYcyEGAz7EXnYoPh8AQSeONI:1uuT1h:H8TNF4mNtmRRMw8we5plCiGolzUaWpHmT5YDJHDg3VU	2025-09-19 14:46:37.361898+05
aqh0kxb590m7b7lpxjozvaxz63ewn65j	.eJxVjEEOwiAQRe_C2hChUMCle89AGGZGqgaS0q6Md7dNutDte-__t4hpXUpcO81xQnERSpx-GaT8pLoLfKR6bzK3uswTyD2Rh-3y1pBe16P9Oyipl21tHWj0dCawTmVE0hByspZZWRNYO3AKzcDGgNaeYcyEGAz7EXnYoPh8AQSeONI:1uvTV5:tobcrGcn9L98aCYAsYnrva6V4KDvSn5qQ6DLw1RoNHY	2025-09-22 09:29:07.40646+05
jur8r80e3s3rq9x61vyjyyx4fh9w3qex	.eJxVjEEOwiAQRe_C2hChUMCle89AGGZGqgaS0q6Md7dNutDte-__t4hpXUpcO81xQnERSpx-GaT8pLoLfKR6bzK3uswTyD2Rh-3y1pBe16P9Oyipl21tHWj0dCawTmVE0hByspZZWRNYO3AKzcDGgNaeYcyEGAz7EXnYoPh8AQSeONI:1uvTqP:HxCHb5IfySbnD-KMuMFJYi8tU_TSSR92vvd3fH18_lI	2025-09-22 09:51:09.374014+05
r015cwych645f7vgpa1abpt9aa9e1rjz	.eJxVjEEOwiAQRe_C2hChUMCle89AGGZGqgaS0q6Md7dNutDte-__t4hpXUpcO81xQnERSpx-GaT8pLoLfKR6bzK3uswTyD2Rh-3y1pBe16P9Oyipl21tHWj0dCawTmVE0hByspZZWRNYO3AKzcDGgNaeYcyEGAz7EXnYoPh8AQSeONI:1uvU1E:OK_eGuHK66abtLd4FsdYRSnB54yBo_FP_pz3BXCohB4	2025-09-22 10:02:20.250957+05
o2lhhimrto4pgfyvsjwlxioffhqotmey	.eJxVjEEOwiAQRe_C2hChUMCle89AGGZGqgaS0q6Md7dNutDte-__t4hpXUpcO81xQnERSpx-GaT8pLoLfKR6bzK3uswTyD2Rh-3y1pBe16P9Oyipl21tHWj0dCawTmVE0hByspZZWRNYO3AKzcDGgNaeYcyEGAz7EXnYoPh8AQSeONI:1uvthQ:lXqFvCHIxtEHNlt_un2hEK3pPgwbq9TxxMKRrPFDENw	2025-09-23 13:27:36.728878+05
nqdh2aezjq28ql34c1b5dolv7b7o7uft	.eJxVjEEOwiAQRe_C2hChUMCle89AGGZGqgaS0q6Md7dNutDte-__t4hpXUpcO81xQnERSpx-GaT8pLoLfKR6bzK3uswTyD2Rh-3y1pBe16P9Oyipl21tHWj0dCawTmVE0hByspZZWRNYO3AKzcDGgNaeYcyEGAz7EXnYoPh8AQSeONI:1uwYts:moGU5CaPD6-0kxlVHOsKfBNkP9_AndwK-vY0EXMSWrc	2025-09-25 09:27:12.616768+05
25q2cstj5u25bhb88fs5rcev2i8hh8oz	.eJxVjEEOwiAQRe_C2hChUMCle89AGGZGqgaS0q6Md7dNutDte-__t4hpXUpcO81xQnERSpx-GaT8pLoLfKR6bzK3uswTyD2Rh-3y1pBe16P9Oyipl21tHWj0dCawTmVE0hByspZZWRNYO3AKzcDGgNaeYcyEGAz7EXnYoPh8AQSeONI:1uwZZT:usoR02gBua0ptNSJClPK_7xRuSYdgeecsCWw6vSgFOI	2025-09-25 10:10:11.862111+05
6eq6j25lrcxr6hi2yeeol3j08j9ejvqn	.eJxVjEEOwiAQRe_C2hChUMCle89AGGZGqgaS0q6Md7dNutDte-__t4hpXUpcO81xQnERSpx-GaT8pLoLfKR6bzK3uswTyD2Rh-3y1pBe16P9Oyipl21tHWj0dCawTmVE0hByspZZWRNYO3AKzcDGgNaeYcyEGAz7EXnYoPh8AQSeONI:1uwaGx:mpyBC_BDEW17kmVExRtmnQt9CbZd7Tlc2RzVFyOFTRY	2025-09-25 10:55:07.690162+05
17mdwd54ozqnw034wysb2vcg187vj2uf	.eJxVjEEOwiAQRe_C2hChUMCle89AGGZGqgaS0q6Md7dNutDte-__t4hpXUpcO81xQnERSpx-GaT8pLoLfKR6bzK3uswTyD2Rh-3y1pBe16P9Oyipl21tHWj0dCawTmVE0hByspZZWRNYO3AKzcDGgNaeYcyEGAz7EXnYoPh8AQSeONI:1uwftN:Qr2K3he3vAQVpwGQEY5F9TBWvXDmRFA7ZwXsDpyP0Fo	2025-09-25 16:55:09.248211+05
l5ok405dh939be9q13w6w9e0cz5rg0pe	.eJxVjEEOwiAQRe_C2hChUMCle89AGGZGqgaS0q6Md7dNutDte-__t4hpXUpcO81xQnERSpx-GaT8pLoLfKR6bzK3uswTyD2Rh-3y1pBe16P9Oyipl21tHWj0dCawTmVE0hByspZZWRNYO3AKzcDGgNaeYcyEGAz7EXnYoPh8AQSeONI:1uyjfq:RXDmGhhC1vbsWyL19mORTHLVPsP3zMGQiTcfS2yWgj8	2025-10-01 09:21:42.509705+05
s2mmwxqh3od012hp6hqbe3kp11tbtpyk	.eJxVjEEOwiAQRe_C2hChUMCle89AGGZGqgaS0q6Md7dNutDte-__t4hpXUpcO81xQnERSpx-GaT8pLoLfKR6bzK3uswTyD2Rh-3y1pBe16P9Oyipl21tHWj0dCawTmVE0hByspZZWRNYO3AKzcDGgNaeYcyEGAz7EXnYoPh8AQSeONI:1uyjx7:Fhv8hDyZYZkaxgw3qm-JMlMf1Mj4LULOqjNH2Etqzes	2025-10-01 09:39:33.907456+05
j876ljumawrqwa0gjp0qwspv3qjpursn	.eJxVjEEOwiAQRe_C2hChUMCle89AGGZGqgaS0q6Md7dNutDte-__t4hpXUpcO81xQnERSpx-GaT8pLoLfKR6bzK3uswTyD2Rh-3y1pBe16P9Oyipl21tHWj0dCawTmVE0hByspZZWRNYO3AKzcDGgNaeYcyEGAz7EXnYoPh8AQSeONI:1uykqF:Aw9pNKav4WPNnYy0qpHscfv0NvMz5TMtBsLqXOxArOQ	2025-10-01 10:36:31.664446+05
clzv8dfyvrg42ctcn9503atn17ht2ufd	.eJxVjEEOwiAQRe_C2hChUMCle89AGGZGqgaS0q6Md7dNutDte-__t4hpXUpcO81xQnERSpx-GaT8pLoLfKR6bzK3uswTyD2Rh-3y1pBe16P9Oyipl21tHWj0dCawTmVE0hByspZZWRNYO3AKzcDGgNaeYcyEGAz7EXnYoPh8AQSeONI:1uyo8W:NSatROlhJUwJywcYi9Kv1Xy2jUai884gDsuNJyN_HKM	2025-10-01 14:07:36.063208+05
56wphtd2pc96xph8miqr2dk8tfu6f0ra	.eJxVjEEOwiAQRe_C2hChUMCle89AGGZGqgaS0q6Md7dNutDte-__t4hpXUpcO81xQnERSpx-GaT8pLoLfKR6bzK3uswTyD2Rh-3y1pBe16P9Oyipl21tHWj0dCawTmVE0hByspZZWRNYO3AKzcDGgNaeYcyEGAz7EXnYoPh8AQSeONI:1uzDZg:4KcBpOYSrNvuJmnlMf-9Qw3xugnYN2PMsFwmmRmurpg	2025-10-02 17:17:20.626392+05
7272g3zr3fc4w3hk05f2siduotkmt7sk	.eJxVjEEOwiAQRe_C2hChUMCle89AGGZGqgaS0q6Md7dNutDte-__t4hpXUpcO81xQnERSpx-GaT8pLoLfKR6bzK3uswTyD2Rh-3y1pBe16P9Oyipl21tHWj0dCawTmVE0hByspZZWRNYO3AKzcDGgNaeYcyEGAz7EXnYoPh8AQSeONI:1uzSti:ihp80E4GEBlMALhz2mN509d4T3zkXdYvHJE1KGgW2lQ	2025-10-03 09:39:02.293443+05
\.


--
-- Data for Name: reklamaproject_advertisement; Type: TABLE DATA; Schema: public; Owner: postgres
--

COPY public.reklamaproject_advertisement (id, "Reklama_nomi", "Qurilma_turi", "Ijarachi", "Shartnoma_raqami", "Shartnoma_muddati_boshlanishi", "Shartnoma_tugashi", "O_lchov_birligi", "Qurilma_narxi", "Egallagan_maydon", "Shartnoma_summasi", "Shartnoma_fayl", photo, contact_number, created_at, user_id, position_id) FROM stdin;
46	Sarkor	Osma qurilma	"Trans Group" MChJ	3-R	2025-07-01	2025-12-31	kv_metr	134371.33	0.60	134371.33	contracts/Trans_Group_shartnoma_1gCgfne.pdf		+998959511000	2025-08-29 11:28:29.520343+05	3	52
49	Premier	Osma qurilma	"Trans Group" MChJ	3-R	2025-07-01	2025-12-31	kv_metr	134371.33	0.60	134371.33	contracts/Trans_Group_shartnoma_TdC6vYs.pdf		+998959511000	2025-08-29 11:38:38.564203+05	3	55
50	Sarkor	Osma qurilma	"Trans Group" MChJ	3-R	2025-07-01	2025-12-31	kv_metr	134371.33	0.60	134371.33	contracts/Trans_Group_shartnoma_NYjAYxQ.pdf		+998959511000	2025-08-29 11:40:11.329486+05	3	56
47	Premier	Osma qurilma	"Trans Group" MChJ	3-R	2025-07-01	2025-12-31	kv_metr	134371.33	0.60	134371.33	contracts/Trans_Group_shartnoma_5DihMtd.pdf	ad_photos/20250710_142728.jpg	+998959511000	2025-08-29 11:31:01.157232+05	1	53
72	premier	osma qurilma	TransGroup "MCHJ"	3-R	2025-07-03	2025-12-31	kv_metr	134371.00	0.60	1612452.00	contracts/Trans_Group_3R_.pdf	ad_photos/5352666760475703819_1.jpg	+998959511000	2025-09-19 10:15:55.954266+05	3	91
57	click super app	Temir romli qurilma	TransGroup "MCHJ"	3-R	2025-07-03	2025-12-31	kv_metr	644982.00	2.88	1602719613.00		ad_photos/5352666760475703810.jpg	+998959511000	2025-09-17 09:18:47.163605+05	3	75
73	2GIS	osma qurilma	TransGroup "MCHJ"	3-R	2025-07-03	2025-12-31	kv_metr	134371.00	0.60	1612452.00	contracts/Trans_Group_3R__pIKBE95.pdf	ad_photos/5352666760475703807.jpg	+998959511000	2025-09-19 10:19:30.95425+05	3	92
52	Amerika qurilish kampaniyasi	test	Akmal aka farm	test123	2025-09-03	2025-09-08	kv_metr	4000.00	1.00	40000.00		ad_photos/efd049e3a9abfb38f87008cf857744c9.jpg	+998909009090	2025-09-09 11:04:15.33145+05	1	59
61	Uzum karta	Temir romli qurilma	TransGroup "MCHJ"	3-R	2025-07-03	2025-12-31	kv_metr	644982.00	2.88	1602719613.00	contracts/Trans_Group_shartnoma_Yf0PC1M.pdf	ad_photos/5352666760475703809_RiDfW1C.jpg	+998959511000	2025-09-17 09:47:33.825788+05	3	77
74	2GIS	osma qurilma	TransGroup "MCHJ"	3-R	2025-07-03	2025-12-31	kv_metr	134371.00	0.60	1612452.00	contracts/Trans_Group_3R__Mr5pTam.pdf	ad_photos/5352666760475703807_dPJdH83.jpg	+998959511000	2025-09-19 10:24:24.49263+05	3	93
63	click super app	Temir romli qurilma	TransGroup "MCHJ"	3-R	2025-07-03	2025-12-31	kv_metr	644982.00	2.88	1602709613.00	contracts/Trans_Group_shartnoma_Luc5MrD.pdf	ad_photos/5352666760475703810_iVEW8hX.jpg	+998959511000	2025-09-17 12:08:42.910212+05	3	78
53	Islom farm kampaniyasi	light banner s	Ozodbek Mirzaidov	rff43332	2025-09-09	2025-09-10	kv_metr	123233.00	3.00	333444.00	contracts/CamScanner_28.05.2025_18.08.pdf	ad_photos/20250710_142728_CPTwh6j.jpg	+998909009090	2025-09-11 09:11:14.130259+05	1	57
54	Ake water	LED Monitors	Ake-fixed group co MCHJ	SAMSAM1230	2025-09-03	2025-09-11	kv_metr	555200.00	3.00	6985555.00	contracts/Islom_2Gq00aE.Anvar.Cv.pdf	ad_photos/bugatti-car-76r6pc1ya7jkaz6l.jpg	+998909999999	2025-09-11 11:00:40.331223+05	1	67
75	sarkor	osma qurilma	TransGroup "MCHJ"	3-R	2025-07-03	2025-12-31	kv_metr	134371.00	0.60	1612452.00	contracts/Trans_Group_3R__6csRxYr.pdf	ad_photos/5352666760475703817_1fJ1sWB.jpg	+998959511000	2025-09-19 10:33:54.545028+05	3	94
64	Proweb	Temir romli qurilma	TransGroup "MCHJ"	3-R	2025-07-03	2025-12-31	kv_metr	644982.00	2.88	1602719613.00	contracts/Trans_Group_shartnoma_e7srHog.pdf	ad_photos/5352666760475703812.jpg	+998959511000	2025-09-17 14:05:14.345524+05	3	82
65	Proweb	Temir romli qurilma	TransGroup "MCHJ"	3-R	2025-07-03	2025-12-31	kv_metr	644982.00	2.88	1602719613.00	contracts/Trans_Group_shartnoma_A3t6vys.pdf	ad_photos/5352666760475703813.jpg	+998959511000	2025-09-17 14:07:17.226685+05	3	83
66	muzy	Temir romli qurilma	TransGroup "MCHJ"	3-R	2025-07-03	2025-12-31	kv_metr	644982.00	2.88	1602719613.00	contracts/Trans_Group_shartnoma_MTTEk4D.pdf	ad_photos/5352666760475703814.jpg	+998959511000	2025-09-17 14:10:53.861405+05	3	84
67	sistit	Temir romli qurilma	TransGroup "MCHJ"	3-R	2025-07-03	2025-12-31	kv_metr	644982.00	2.88	1602719613.00	contracts/Trans_Group_shartnoma_v2UnyOC.pdf	ad_photos/5352666760475703816.jpg	+998959511000	2025-09-17 14:21:36.060974+05	3	86
70	premier	osma qurilma	TransGroup "MCHJ"	3-R	2025-07-03	2025-12-31	kv_metr	134371.00	0.60	1612452.00	contracts/Trans_Group_shartnoma_AQgmqSd.pdf	ad_photos/5352666760475703819.jpg	+998959511000	2025-09-17 15:05:39.825572+05	3	89
76	Premier	osma qurilma	TransGroup "MCHJ"	3-R	2025-07-03	2025-12-31	kv_metr	134371.00	0.60	1612452.00	contracts/Trans_Group_3R__kuhIuhJ.pdf	ad_photos/5352666760475703819_1_2vIO4VV.jpg	+998959511000	2025-09-19 10:39:53.487009+05	3	95
68	sarkor	Temir romli qurilma	TransGroup "MCHJ"	3-R	2025-07-03	2025-12-31	kv_metr	134371.00	0.60	1612452.00	contracts/Trans_Group_shartnoma_CQq1OTc.pdf	ad_photos/5352666760475703817_Qbx9Om4.jpg	+998959511000	2025-09-17 14:30:08.492121+05	3	87
69	sarkor	Temir romli qurilma	TransGroup "MCHJ"	3-R	2025-07-03	2025-12-31	kv_metr	134371.00	0.60	1612452.00	contracts/Trans_Group_shartnoma_JHq5E1Z.pdf	ad_photos/5352666760475703817_5lHdtYR.jpg	+998959511000	2025-09-17 14:32:22.225435+05	3	88
71	test	test	test	test-111	2025-09-19	2025-09-19	komplekt	5655656.00	2.00	545654464.00	contracts/Islom_lLCRBt0.Anvar.Cv.pdf	ad_photos/photo_2022-10-31_09-24-44_215.jpg	+998909999999	2025-09-19 09:54:42.281525+05	1	90
\.


--
-- Data for Name: reklamaproject_advertisementarchive; Type: TABLE DATA; Schema: public; Owner: postgres
--

COPY public.reklamaproject_advertisementarchive (id, "Reklama_nomi", "Qurilma_turi", "Ijarachi", "Shartnoma_raqami", "Shartnoma_muddati_boshlanishi", "Shartnoma_tugashi", "O_lchov_birligi", "Qurilma_narxi", "Egallagan_maydon", "Shartnoma_summasi", "Shartnoma_fayl", photo, contact_number, created_at, original_ad_id, user_id, line_id, position_id, station_id) FROM stdin;
48	Sarkor	Osma qurilma	"Trans Group" MChJ	1-R	2025-07-01	2025-12-31	kv_metr	134371.33	0.60	134371.33	contracts/Trans_Group_shartnoma_VsJ86RZ.pdf		+998959511000	2025-08-29 11:27:38.111218+05	\N	3	2	\N	34
52	Premier	Osma qurilma	"Trans Group" MChJ	3-R	2025-07-01	2025-12-31	kv_metr	134371.33	0.60	134371.33	contracts/Trans_Group_shartnoma_KFBVosb.pdf		+998959511000	2025-09-10 15:57:34.075653+05	\N	1	2	\N	34
53	test	test	test	test123	2025-09-03	2025-09-08	kv_metr	4000.00	1.00	40000.00	contracts/map-2024-10.pdf	ad_photos/logo2.png	+998909009090	2025-09-10 16:30:42.630529+05	52	1	1	59	3
54	Premier	Osma qurilma	"Trans Group" MChJ	3-R	2025-07-01	2025-12-31	kv_metr	134371.33	0.60	134371.33	contracts/Trans_Group_shartnoma_5DihMtd.pdf		+998959511000	2025-09-11 08:43:38.294334+05	47	1	2	53	34
61	test	test	test	test123	2025-09-03	2025-09-08	kv_metr	4000.00	1.00	40000.00		ad_photos/efd049e3a9abfb38f87008cf857744c9.jpg	+998909009090	2025-09-11 08:52:37.850011+05	52	1	1	59	3
62	Amerika qurilish kampaniyasi	test	test	test123	2025-09-03	2025-09-08	kv_metr	4000.00	1.00	40000.00		ad_photos/efd049e3a9abfb38f87008cf857744c9.jpg	+998909009090	2025-09-11 09:02:42.485954+05	52	1	1	59	3
49	Videorolik	Televizor	"Trans Group" MChJ	3-R	2025-07-01	2025-12-31	dona	699850.67	1.00	699850.67	contracts/Trans_Group_shartnoma_C3nCuSd.pdf		+998959511000	2025-09-10 13:16:08.897135+05	\N	1	2	57	34
63	Videorolik	Televizor	"Trans Group" MChJ	3-R	2025-07-01	2025-12-31	dona	699850.67	1.00	699850.67	contracts/Trans_Group_shartnoma_C3nCuSd.pdf	ad_photos/My_Story_Sep_6_2025_at_1506.jpeg	+998959511000	2025-09-11 09:07:05.584848+05	\N	1	2	57	34
64	Videorolik	Televizor	"Trans Group" MChJ	3-R	2025-07-01	2025-12-31	dona	699850.67	1.00	699850.67	contracts/Trans_Group_shartnoma_C3nCuSd.pdf	ad_photos/My_Story_Sep_6_2025_at_1506.jpeg	+998959511000	2025-09-11 09:07:16.073106+05	\N	1	2	57	34
65	Videorolik	Televizor	"Trans Group" MChJ	3-R	2025-07-01	2025-12-31	dona	699850.67	1.00	699850.67	contracts/Trans_Group_shartnoma_C3nCuSd.pdf	ad_photos/My_Story_Sep_6_2025_at_1506.jpeg	+998959511000	2025-09-11 09:07:53.977326+05	\N	1	2	57	34
66	Videorolik	Televizor	"Trans Group" MChJ	3-R	2025-07-01	2025-12-31	dona	555900.00	1.00	35455798.00	contracts/Trans_Group_shartnoma_C3nCuSd.pdf	ad_photos/My_Story_Sep_6_2025_at_1506.jpeg	+998959511000	2025-09-11 09:08:26.966179+05	\N	1	2	57	34
67	Videorolik	Televizor	"Trans Group" MChJ	3-R	2025-07-01	2025-12-31	dona	555900.00	1.00	65789439.00	contracts/Trans_Group_shartnoma_C3nCuSd.pdf	ad_photos/My_Story_Sep_6_2025_at_1506.jpeg	+998959511000	2025-09-11 09:09:26.302827+05	\N	1	2	57	34
68	Islom farm kampaniyasi	light banner	Ozodbek Mirzaidov	rff43332	2025-09-09	2025-09-10	kv_metr	123233.00	3.00	333444.00	contracts/CamScanner_28.05.2025_18.08.pdf	ad_photos/20250710_142728_CPTwh6j.jpg	+998909009090	2025-09-11 10:51:03.769894+05	53	1	2	57	34
50	Sting	Osma qurilma	"Trans Group" MChJ	3-R	2025-07-01	2025-12-31	kv_metr	134371.33	0.60	134371.33	contracts/Trans_Group_shartnoma.pdf		+998959511000	2025-09-10 13:29:48.843552+05	\N	1	2	49	34
51	Sting	Osma qurilma	"Trans Group" MChJ	3-R	2025-07-01	2025-12-31	kv_metr	134371.33	0.60	134371.33	contracts/Trans_Group_shartnoma.pdf	ad_photos/My_Story_Sep_6_2025_at_1506_NmKjxjf.jpeg	+998959511000	2025-09-10 13:30:23.622024+05	\N	1	2	49	34
55	Sting	Osma qurilma	"Trans Group" MChJ	3-R	2025-07-01	2025-12-31	kv_metr	134371.33	0.60	134371.33	contracts/Trans_Group_shartnoma.pdf	ad_photos/islom_anvarov_-_Intro_to_Programming_8ZYlX5S.png	+998959511000	2025-09-11 08:44:00.491945+05	\N	1	2	49	34
56	Sting	Osma qurilma	"Trans Group" MChJs	3-R	2025-07-01	2025-12-31	kv_metr	134371.33	0.60	134371.33	contracts/Trans_Group_shartnoma.pdf	ad_photos/islom_anvarov_-_Intro_to_Programming_8ZYlX5S.png	+998959511000	2025-09-11 08:44:46.928483+05	\N	1	2	49	34
57	Sting	Osma qurilma	"Trans Group" MChJs	3-R	2025-07-01	2025-12-31	kv_metr	134371.33	0.60	134371332.00	contracts/Trans_Group_shartnoma.pdf	ad_photos/islom_anvarov_-_Intro_to_Programming_8ZYlX5S.png	+998959511000	2025-09-11 08:45:00.306499+05	\N	1	2	49	34
58	Sting	Osma qurilma	"Trans Group" MChJs	3-R	2025-07-01	2025-12-31	kv_metr	134371.33	0.60	123333.00	contracts/Trans_Group_shartnoma.pdf	ad_photos/islom_anvarov_-_Intro_to_Programming_8ZYlX5S.png	+998959511000	2025-09-11 08:45:13.23641+05	\N	1	2	49	34
59	Sting	Osma qurilma	"Trans Group" MChJs	3-R	2025-07-01	2025-12-31	kv_metr	10.00	0.60	12.00	contracts/Trans_Group_shartnoma.pdf	ad_photos/islom_anvarov_-_Intro_to_Programming_8ZYlX5S.png	+998959511000	2025-09-11 08:45:27.174481+05	\N	1	2	49	34
60	Sting	Osma qurilma	"Trans Group" MChJs	3-R	2025-07-01	2114-12-09	kv_metr	10.00	0.60	12.00	contracts/Trans_Group_shartnoma.pdf	ad_photos/islom_anvarov_-_Intro_to_Programming_8ZYlX5S.png	+998959511000	2025-09-11 08:49:03.377315+05	\N	1	2	49	34
69	Islomjon rasmiy mollari	LED Monitors va Yonuvchi banner	Islom xoshimov	ASR321	2025-09-01	2025-09-11	dona	1000000.00	20.00	50000000.00	contracts/Tamir_turi.pdf	ad_photos/images.jfif	+998909999999	2025-09-11 16:54:49.064002+05	\N	1	4	69	54
70	Sting	Katta turdagi banner	"Trans Group" MChJs	3-R	2025-07-01	2114-12-09	kv_metr	10.00	0.60	12.00	contracts/Trans_Group_shartnoma.pdf	ad_photos/islom_anvarov_-_Intro_to_Programming_8ZYlX5S.png	+998959511000	2025-09-15 17:24:30.58943+05	\N	3	2	49	34
74	Islomjon rasmiy qoylari	LED Monitors va Yonuvchi banner	Islom xoshimov	ASR321	2025-09-01	2025-09-11	dona	1000000.00	20.00	50000000.00	contracts/Tamir_turi.pdf	ad_photos/bugatti-car-76r6pc1ya7jkaz6l_y4N2LkY.jpg	+998909999999	2025-09-17 09:17:55.305124+05	\N	1	4	69	54
76	sarkor	Temir romli qurilma	TransGroup "MCHJ"	3-R	2025-07-03	2025-12-31	kv_metr	644982.00	2.88	1602719613.00	contracts/Trans_Group_shartnoma_KYIpn6a.pdf	ad_photos/5352666760475703818.jpg	+998959511000	2025-09-17 15:08:11.614503+05	69	3	4	88	47
77	sarkor	Temir romli qurilma	TransGroup "MCHJ"	3-R	2025-07-03	2025-12-31	kv_metr	644982.00	2.88	1602719613.00	contracts/Trans_Group_shartnoma_oREarIM.pdf	ad_photos/5352666760475703817.jpg	+998959511000	2025-09-17 15:09:13.020896+05	68	3	4	87	47
78	sarkor	Temir romli qurilma	TransGroup "MCHJ"	3-R	2025-07-03	2025-12-31	kv_metr	134371.00	2.88	1612452.00	contracts/Trans_Group_shartnoma_J5LwpgT.pdf	ad_photos/5352666760475703818_8tZAPhr.jpg	+998959511000	2025-09-17 15:10:05.393286+05	69	3	4	88	47
75	test	test	test	test	2010-02-03	2020-02-05	komplekt	53452424.00	2.00	5454545454.00	contracts/Islom_wIeZgUn.Anvar.Cv.pdf	ad_photos/7716_tn_cn-guangzhou-metro-l5_01.jpg	+998909999999	2025-09-17 09:51:09.093072+05	\N	1	3	81	18
79	test	test	test	test	2010-02-03	2020-02-05	komplekt	53452424.00	2.00	5454545454.00	contracts/Islom_vBqFTle.Anvar.Cv.pdf	ad_photos/feff8adcbf1a4c7f6cbcd7e72437daaa.jpg	+998909999999	2025-09-18 08:10:13.508301+05	\N	1	3	81	18
71	Uzum karta	Temir romli qurilma	TransGroup "MCHJ"	3-R	2025-07-03	2025-12-31	kv_metr	1092000.00	2.88	61763520.00		ad_photos/5352666760475703809.jpg	+998959511000	2025-09-17 09:00:54.775453+05	\N	1	2	74	\N
72	Uzum karta	Temir romli qurilma	TransGroup "MCHJ"	3-R	2025-07-03	2025-12-31	kv_metr	587059.00	2.88	1750367268.00		ad_photos/photo_2025-09-16_13-27-57.jpg	+998959511000	2025-09-17 09:02:17.22292+05	\N	3	2	74	\N
73	Uzum karta	Temir romli qurilma	TransGroup "MCHJ"	3-R	2025-07-03	2025-12-31	kv_metr	587059.00	2.88	1750543267.00		ad_photos/5352666760475703809_PHf4aq8.jpg	+998959511000	2025-09-17 09:16:50.166797+05	\N	3	2	74	\N
\.


--
-- Data for Name: reklamaproject_metroline; Type: TABLE DATA; Schema: public; Owner: postgres
--

COPY public.reklamaproject_metroline (id, name) FROM stdin;
1	O'zbekiston
2	Chilonzor
3	Yer usti xalqa
4	Yunusobod
\.


--
-- Data for Name: reklamaproject_position; Type: TABLE DATA; Schema: public; Owner: postgres
--

COPY public.reklamaproject_position (id, number, station_id, created_at, created_by_id) FROM stdin;
49	1	34	2025-08-29 09:38:05.136748+05	3
52	2	34	2025-08-29 11:27:42.753875+05	3
53	3	34	2025-08-29 11:29:22.347379+05	3
55	5	34	2025-08-29 11:37:00.684235+05	3
56	6	34	2025-08-29 11:38:50.547259+05	3
57	7	34	2025-08-29 11:40:18.469237+05	3
58	75	1	2025-09-04 16:18:37.494572+05	1
59	14	3	2025-09-04 16:24:01.965444+05	1
60	8	34	2025-09-04 17:04:54.781628+05	3
61	455	34	2025-09-10 11:29:04.512426+05	1
62	45545	34	2025-09-10 11:29:07.421809+05	1
63	4324	34	2025-09-10 15:57:08.965003+05	1
64	12	34	2025-09-10 15:57:18.542689+05	1
65	122	34	2025-09-10 15:57:21.958692+05	1
66	1	3	2025-09-10 16:48:32.297709+05	1
67	99	7	2025-09-11 10:59:37.934785+05	1
68	555	34	2025-09-11 11:04:01.736488+05	1
69	1	54	2025-09-11 16:50:28.806502+05	1
70	201	35	2025-09-12 08:08:44.934547+05	1
71	5	4	2025-09-15 15:29:10.630601+05	1
72	21	34	2025-09-15 17:21:05.199242+05	3
73	44	34	2025-09-15 17:23:04.651013+05	3
77	1	47	2025-09-17 09:26:23.175685+05	1
78	2	47	2025-09-17 09:26:26.358636+05	1
79	3	47	2025-09-17 09:26:29.846501+05	1
81	1	18	2025-09-17 09:31:37.170116+05	1
82	4	47	2025-09-17 13:58:42.532872+05	3
83	5	47	2025-09-17 14:05:54.20427+05	3
84	6	47	2025-09-17 14:07:33.188991+05	3
85	7	47	2025-09-17 14:08:07.656071+05	3
86	8	47	2025-09-17 14:08:15.110758+05	3
87	9	47	2025-09-17 14:24:54.051069+05	3
88	10	47	2025-09-17 14:30:23.140887+05	3
89	11	47	2025-09-17 14:46:02.189089+05	3
74	1	\N	2025-09-16 16:31:52.52194+05	3
75	2	\N	2025-09-17 09:05:20.061506+05	3
76	3	\N	2025-09-17 09:19:43.967097+05	3
80	4	\N	2025-09-17 09:27:07.343225+05	3
90	1	5	2025-09-19 09:54:09.956128+05	1
91	12	47	2025-09-19 10:05:08.753711+05	3
92	13	47	2025-09-19 10:16:19.309247+05	3
93	14	47	2025-09-19 10:22:46.496042+05	3
94	15	47	2025-09-19 10:30:11.067099+05	3
95	16	47	2025-09-19 10:34:09.163704+05	3
\.


--
-- Data for Name: reklamaproject_station; Type: TABLE DATA; Schema: public; Owner: postgres
--

COPY public.reklamaproject_station (id, name, line_id, schema_image) FROM stdin;
49	Abdulla Qodiriy	4	
50	Minor	4	station_schemas/Islom_4MvClcI.Anvar.Cv.pdf
51	Bodomzor	4	station_schemas/Islom_N6siFSJ.Anvar.Cv.pdf
52	Shahriston	4	station_schemas/Islom_gcLfJb6.Anvar.Cv.pdf
53	Yunusobod	4	station_schemas/Islom_LRCMHEL.Anvar.Cv.pdf
54	Turkiston	4	station_schemas/Islom_a17SrfX.Anvar.Cv.pdf
1	Beruniy	1	station_schemas/beruniy_bBYJqhD.pdf
3	Chorsu	1	station_schemas/chorsu.pdf
5	Alisher Navoiy	1	station_schemas/Alisher_Navoiy.pdf
4	G'afur G'ulom	1	station_schemas/Gofur_Gulom.pdf
6	O'zbekiston	1	station_schemas/Ozbekiston.pdf
47	Mingo'rik	4	station_schemas/Screenshot_2025-09-05_094122.png
2	Tinchlik	1	station_schemas/Islom_wGEOgIc.Anvar.Cv.pdf
48	Yunus Rajabiy	4	station_schemas/Screenshot_2025-09-05_141844.png
34	Olmazor	2	station_schemas/arxiv.pdf
7	Kosmonavtlar	1	station_schemas/Islom_dr1NqsV.Anvar.Cv.pdf
9	Toshkent	1	station_schemas/Islom_ueFfwJh.Anvar.Cv.pdf
10	Oybek	1	station_schemas/Islom_xWuxmds.Anvar.Cv.pdf
11	Mashinasozlar	1	station_schemas/Islom_DeZbWYB.Anvar.Cv.pdf
12	Do'stlik	1	
13	Texnopark	3	station_schemas/Islom_O1hyCzN.Anvar.Cv.pdf
14	Tuzel	3	station_schemas/Islom_qTuTzaM.Anvar.Cv.pdf
15	Olmos	3	station_schemas/Islom_XkHNfdX.Anvar.Cv.pdf
16	Rohat	3	station_schemas/Islom_HPvjnWg.Anvar.Cv.pdf
17	Yangiobod	3	station_schemas/Islom_TJsgeSh.Anvar.Cv.pdf
18	Qo'yliq	3	station_schemas/Islom_mYjFUPJ.Anvar.Cv.pdf
19	Matonat	3	station_schemas/Islom_9bqDNjB.Anvar.Cv.pdf
20	Qiyot	3	station_schemas/Islom_hdnW5zQ.Anvar.Cv.pdf
21	Tolariq	3	station_schemas/Islom_osegbGQ.Anvar.Cv.pdf
22	Xonobod	3	station_schemas/Islom_NOcbuwJ.Anvar.Cv.pdf
23	Quruvchilar	3	station_schemas/Islom_HDC5wSK.Anvar.Cv.pdf
24	Turon	3	station_schemas/Islom_M5Nt4RI.Anvar.Cv.pdf
25	Qipchoq	3	station_schemas/Islom_FuzPdHv.Anvar.Cv.pdf
29	Chinor	2	station_schemas/Islom_2XEQUF7.Anvar.Cv.pdf
30	Yangihayot	2	station_schemas/Islom_Q7BtIiP.Anvar.Cv.pdf
31	Sergili	2	station_schemas/Islom_17ZVC4l.Anvar.Cv.pdf
32	O'zgarish	2	station_schemas/Islom_FQa3hG0.Anvar.Cv.pdf
33	Choshtepa	2	station_schemas/Islom_8k1pJ0A.Anvar.Cv.pdf
35	Chilonzor	2	station_schemas/Islom_1iu4d3W.Anvar.Cv.pdf
36	Mirzo Ulug'bek	2	station_schemas/Islom_FxjJdjo.Anvar.Cv.pdf
37	Novza	2	station_schemas/Islom_nk2LyC8.Anvar.Cv.pdf
38	Milliy bog'	2	station_schemas/Islom_H7OeR4X.Anvar.Cv.pdf
39	Xalqlar do'stligi	2	station_schemas/Islom_tO5oGNR.Anvar.Cv.pdf
40	Paxtakor	2	station_schemas/Islom_k8mTg9Q.Anvar.Cv.pdf
41	Mustaqillik Maydoni	2	station_schemas/Islom_BagFybi.Anvar.Cv.pdf
42	Amir Temur Xiyoboni	2	station_schemas/Islom_cWHqKW1.Anvar.Cv.pdf
43	Hamid Olimjon	2	station_schemas/Islom_Vw0Eekr.Anvar.Cv.pdf
44	Pushkin	2	station_schemas/Islom_ib6SgUo.Anvar.Cv.pdf
46	Buyuk Ipak Yo'li	2	station_schemas/Islom_dmxT57s.Anvar.Cv.pdf
\.


--
-- Data for Name: socialaccount_socialaccount; Type: TABLE DATA; Schema: public; Owner: postgres
--

COPY public.socialaccount_socialaccount (id, provider, uid, last_login, date_joined, extra_data, user_id) FROM stdin;
\.


--
-- Data for Name: socialaccount_socialapp; Type: TABLE DATA; Schema: public; Owner: postgres
--

COPY public.socialaccount_socialapp (id, provider, name, client_id, secret, key, provider_id, settings) FROM stdin;
\.


--
-- Data for Name: socialaccount_socialtoken; Type: TABLE DATA; Schema: public; Owner: postgres
--

COPY public.socialaccount_socialtoken (id, token, token_secret, expires_at, account_id, app_id) FROM stdin;
\.


--
-- Name: account_emailaddress_id_seq; Type: SEQUENCE SET; Schema: public; Owner: postgres
--

SELECT pg_catalog.setval('public.account_emailaddress_id_seq', 1, false);


--
-- Name: account_emailconfirmation_id_seq; Type: SEQUENCE SET; Schema: public; Owner: postgres
--

SELECT pg_catalog.setval('public.account_emailconfirmation_id_seq', 1, false);


--
-- Name: auth_group_id_seq; Type: SEQUENCE SET; Schema: public; Owner: postgres
--

SELECT pg_catalog.setval('public.auth_group_id_seq', 1, false);


--
-- Name: auth_group_permissions_id_seq; Type: SEQUENCE SET; Schema: public; Owner: postgres
--

SELECT pg_catalog.setval('public.auth_group_permissions_id_seq', 1, false);


--
-- Name: auth_permission_id_seq; Type: SEQUENCE SET; Schema: public; Owner: postgres
--

SELECT pg_catalog.setval('public.auth_permission_id_seq', 84, true);


--
-- Name: auth_user_groups_id_seq; Type: SEQUENCE SET; Schema: public; Owner: postgres
--

SELECT pg_catalog.setval('public.auth_user_groups_id_seq', 1, false);


--
-- Name: auth_user_id_seq; Type: SEQUENCE SET; Schema: public; Owner: postgres
--

SELECT pg_catalog.setval('public.auth_user_id_seq', 3, true);


--
-- Name: auth_user_user_permissions_id_seq; Type: SEQUENCE SET; Schema: public; Owner: postgres
--

SELECT pg_catalog.setval('public.auth_user_user_permissions_id_seq', 1, false);


--
-- Name: axes_accessattempt_id_seq; Type: SEQUENCE SET; Schema: public; Owner: postgres
--

SELECT pg_catalog.setval('public.axes_accessattempt_id_seq', 11, true);


--
-- Name: axes_accessfailurelog_id_seq; Type: SEQUENCE SET; Schema: public; Owner: postgres
--

SELECT pg_catalog.setval('public.axes_accessfailurelog_id_seq', 1, false);


--
-- Name: axes_accesslog_id_seq; Type: SEQUENCE SET; Schema: public; Owner: postgres
--

SELECT pg_catalog.setval('public.axes_accesslog_id_seq', 29, true);


--
-- Name: django_admin_log_id_seq; Type: SEQUENCE SET; Schema: public; Owner: postgres
--

SELECT pg_catalog.setval('public.django_admin_log_id_seq', 53, true);


--
-- Name: django_content_type_id_seq; Type: SEQUENCE SET; Schema: public; Owner: postgres
--

SELECT pg_catalog.setval('public.django_content_type_id_seq', 21, true);


--
-- Name: django_migrations_id_seq; Type: SEQUENCE SET; Schema: public; Owner: postgres
--

SELECT pg_catalog.setval('public.django_migrations_id_seq', 56, true);


--
-- Name: reklamaproject_advertisement_id_seq; Type: SEQUENCE SET; Schema: public; Owner: postgres
--

SELECT pg_catalog.setval('public.reklamaproject_advertisement_id_seq', 76, true);


--
-- Name: reklamaproject_advertisementarchive_id_seq; Type: SEQUENCE SET; Schema: public; Owner: postgres
--

SELECT pg_catalog.setval('public.reklamaproject_advertisementarchive_id_seq', 79, true);


--
-- Name: reklamaproject_metroline_id_seq; Type: SEQUENCE SET; Schema: public; Owner: postgres
--

SELECT pg_catalog.setval('public.reklamaproject_metroline_id_seq', 4, true);


--
-- Name: reklamaproject_position_id_seq; Type: SEQUENCE SET; Schema: public; Owner: postgres
--

SELECT pg_catalog.setval('public.reklamaproject_position_id_seq', 95, true);


--
-- Name: reklamaproject_station_id_seq; Type: SEQUENCE SET; Schema: public; Owner: postgres
--

SELECT pg_catalog.setval('public.reklamaproject_station_id_seq', 55, true);


--
-- Name: socialaccount_socialaccount_id_seq; Type: SEQUENCE SET; Schema: public; Owner: postgres
--

SELECT pg_catalog.setval('public.socialaccount_socialaccount_id_seq', 1, false);


--
-- Name: socialaccount_socialapp_id_seq; Type: SEQUENCE SET; Schema: public; Owner: postgres
--

SELECT pg_catalog.setval('public.socialaccount_socialapp_id_seq', 1, false);


--
-- Name: socialaccount_socialtoken_id_seq; Type: SEQUENCE SET; Schema: public; Owner: postgres
--

SELECT pg_catalog.setval('public.socialaccount_socialtoken_id_seq', 1, false);


--
-- Name: account_emailaddress account_emailaddress_pkey; Type: CONSTRAINT; Schema: public; Owner: postgres
--

ALTER TABLE ONLY public.account_emailaddress
    ADD CONSTRAINT account_emailaddress_pkey PRIMARY KEY (id);


--
-- Name: account_emailaddress account_emailaddress_user_id_email_987c8728_uniq; Type: CONSTRAINT; Schema: public; Owner: postgres
--

ALTER TABLE ONLY public.account_emailaddress
    ADD CONSTRAINT account_emailaddress_user_id_email_987c8728_uniq UNIQUE (user_id, email);


--
-- Name: account_emailconfirmation account_emailconfirmation_key_key; Type: CONSTRAINT; Schema: public; Owner: postgres
--

ALTER TABLE ONLY public.account_emailconfirmation
    ADD CONSTRAINT account_emailconfirmation_key_key UNIQUE (key);


--
-- Name: account_emailconfirmation account_emailconfirmation_pkey; Type: CONSTRAINT; Schema: public; Owner: postgres
--

ALTER TABLE ONLY public.account_emailconfirmation
    ADD CONSTRAINT account_emailconfirmation_pkey PRIMARY KEY (id);


--
-- Name: auth_group auth_group_name_key; Type: CONSTRAINT; Schema: public; Owner: postgres
--

ALTER TABLE ONLY public.auth_group
    ADD CONSTRAINT auth_group_name_key UNIQUE (name);


--
-- Name: auth_group_permissions auth_group_permissions_group_id_permission_id_0cd325b0_uniq; Type: CONSTRAINT; Schema: public; Owner: postgres
--

ALTER TABLE ONLY public.auth_group_permissions
    ADD CONSTRAINT auth_group_permissions_group_id_permission_id_0cd325b0_uniq UNIQUE (group_id, permission_id);


--
-- Name: auth_group_permissions auth_group_permissions_pkey; Type: CONSTRAINT; Schema: public; Owner: postgres
--

ALTER TABLE ONLY public.auth_group_permissions
    ADD CONSTRAINT auth_group_permissions_pkey PRIMARY KEY (id);


--
-- Name: auth_group auth_group_pkey; Type: CONSTRAINT; Schema: public; Owner: postgres
--

ALTER TABLE ONLY public.auth_group
    ADD CONSTRAINT auth_group_pkey PRIMARY KEY (id);


--
-- Name: auth_permission auth_permission_content_type_id_codename_01ab375a_uniq; Type: CONSTRAINT; Schema: public; Owner: postgres
--

ALTER TABLE ONLY public.auth_permission
    ADD CONSTRAINT auth_permission_content_type_id_codename_01ab375a_uniq UNIQUE (content_type_id, codename);


--
-- Name: auth_permission auth_permission_pkey; Type: CONSTRAINT; Schema: public; Owner: postgres
--

ALTER TABLE ONLY public.auth_permission
    ADD CONSTRAINT auth_permission_pkey PRIMARY KEY (id);


--
-- Name: auth_user_groups auth_user_groups_pkey; Type: CONSTRAINT; Schema: public; Owner: postgres
--

ALTER TABLE ONLY public.auth_user_groups
    ADD CONSTRAINT auth_user_groups_pkey PRIMARY KEY (id);


--
-- Name: auth_user_groups auth_user_groups_user_id_group_id_94350c0c_uniq; Type: CONSTRAINT; Schema: public; Owner: postgres
--

ALTER TABLE ONLY public.auth_user_groups
    ADD CONSTRAINT auth_user_groups_user_id_group_id_94350c0c_uniq UNIQUE (user_id, group_id);


--
-- Name: auth_user auth_user_pkey; Type: CONSTRAINT; Schema: public; Owner: postgres
--

ALTER TABLE ONLY public.auth_user
    ADD CONSTRAINT auth_user_pkey PRIMARY KEY (id);


--
-- Name: auth_user_user_permissions auth_user_user_permissions_pkey; Type: CONSTRAINT; Schema: public; Owner: postgres
--

ALTER TABLE ONLY public.auth_user_user_permissions
    ADD CONSTRAINT auth_user_user_permissions_pkey PRIMARY KEY (id);


--
-- Name: auth_user_user_permissions auth_user_user_permissions_user_id_permission_id_14a6b632_uniq; Type: CONSTRAINT; Schema: public; Owner: postgres
--

ALTER TABLE ONLY public.auth_user_user_permissions
    ADD CONSTRAINT auth_user_user_permissions_user_id_permission_id_14a6b632_uniq UNIQUE (user_id, permission_id);


--
-- Name: auth_user auth_user_username_key; Type: CONSTRAINT; Schema: public; Owner: postgres
--

ALTER TABLE ONLY public.auth_user
    ADD CONSTRAINT auth_user_username_key UNIQUE (username);


--
-- Name: authtoken_token authtoken_token_pkey; Type: CONSTRAINT; Schema: public; Owner: postgres
--

ALTER TABLE ONLY public.authtoken_token
    ADD CONSTRAINT authtoken_token_pkey PRIMARY KEY (key);


--
-- Name: authtoken_token authtoken_token_user_id_key; Type: CONSTRAINT; Schema: public; Owner: postgres
--

ALTER TABLE ONLY public.authtoken_token
    ADD CONSTRAINT authtoken_token_user_id_key UNIQUE (user_id);


--
-- Name: axes_accessattempt axes_accessattempt_pkey; Type: CONSTRAINT; Schema: public; Owner: postgres
--

ALTER TABLE ONLY public.axes_accessattempt
    ADD CONSTRAINT axes_accessattempt_pkey PRIMARY KEY (id);


--
-- Name: axes_accessattempt axes_accessattempt_username_ip_address_user_agent_8ea22282_uniq; Type: CONSTRAINT; Schema: public; Owner: postgres
--

ALTER TABLE ONLY public.axes_accessattempt
    ADD CONSTRAINT axes_accessattempt_username_ip_address_user_agent_8ea22282_uniq UNIQUE (username, ip_address, user_agent);


--
-- Name: axes_accessfailurelog axes_accessfailurelog_pkey; Type: CONSTRAINT; Schema: public; Owner: postgres
--

ALTER TABLE ONLY public.axes_accessfailurelog
    ADD CONSTRAINT axes_accessfailurelog_pkey PRIMARY KEY (id);


--
-- Name: axes_accesslog axes_accesslog_pkey; Type: CONSTRAINT; Schema: public; Owner: postgres
--

ALTER TABLE ONLY public.axes_accesslog
    ADD CONSTRAINT axes_accesslog_pkey PRIMARY KEY (id);


--
-- Name: django_admin_log django_admin_log_pkey; Type: CONSTRAINT; Schema: public; Owner: postgres
--

ALTER TABLE ONLY public.django_admin_log
    ADD CONSTRAINT django_admin_log_pkey PRIMARY KEY (id);


--
-- Name: django_content_type django_content_type_app_label_model_76bd3d3b_uniq; Type: CONSTRAINT; Schema: public; Owner: postgres
--

ALTER TABLE ONLY public.django_content_type
    ADD CONSTRAINT django_content_type_app_label_model_76bd3d3b_uniq UNIQUE (app_label, model);


--
-- Name: django_content_type django_content_type_pkey; Type: CONSTRAINT; Schema: public; Owner: postgres
--

ALTER TABLE ONLY public.django_content_type
    ADD CONSTRAINT django_content_type_pkey PRIMARY KEY (id);


--
-- Name: django_migrations django_migrations_pkey; Type: CONSTRAINT; Schema: public; Owner: postgres
--

ALTER TABLE ONLY public.django_migrations
    ADD CONSTRAINT django_migrations_pkey PRIMARY KEY (id);


--
-- Name: django_session django_session_pkey; Type: CONSTRAINT; Schema: public; Owner: postgres
--

ALTER TABLE ONLY public.django_session
    ADD CONSTRAINT django_session_pkey PRIMARY KEY (session_key);


--
-- Name: reklamaproject_advertisement reklamaproject_advertisement_pkey; Type: CONSTRAINT; Schema: public; Owner: postgres
--

ALTER TABLE ONLY public.reklamaproject_advertisement
    ADD CONSTRAINT reklamaproject_advertisement_pkey PRIMARY KEY (id);


--
-- Name: reklamaproject_advertisement reklamaproject_advertisement_position_id_key; Type: CONSTRAINT; Schema: public; Owner: postgres
--

ALTER TABLE ONLY public.reklamaproject_advertisement
    ADD CONSTRAINT reklamaproject_advertisement_position_id_key UNIQUE (position_id);


--
-- Name: reklamaproject_advertisementarchive reklamaproject_advertisementarchive_pkey; Type: CONSTRAINT; Schema: public; Owner: postgres
--

ALTER TABLE ONLY public.reklamaproject_advertisementarchive
    ADD CONSTRAINT reklamaproject_advertisementarchive_pkey PRIMARY KEY (id);


--
-- Name: reklamaproject_metroline reklamaproject_metroline_name_key; Type: CONSTRAINT; Schema: public; Owner: postgres
--

ALTER TABLE ONLY public.reklamaproject_metroline
    ADD CONSTRAINT reklamaproject_metroline_name_key UNIQUE (name);


--
-- Name: reklamaproject_metroline reklamaproject_metroline_pkey; Type: CONSTRAINT; Schema: public; Owner: postgres
--

ALTER TABLE ONLY public.reklamaproject_metroline
    ADD CONSTRAINT reklamaproject_metroline_pkey PRIMARY KEY (id);


--
-- Name: reklamaproject_position reklamaproject_position_pkey; Type: CONSTRAINT; Schema: public; Owner: postgres
--

ALTER TABLE ONLY public.reklamaproject_position
    ADD CONSTRAINT reklamaproject_position_pkey PRIMARY KEY (id);


--
-- Name: reklamaproject_position reklamaproject_position_station_id_number_f6d9bca2_uniq; Type: CONSTRAINT; Schema: public; Owner: postgres
--

ALTER TABLE ONLY public.reklamaproject_position
    ADD CONSTRAINT reklamaproject_position_station_id_number_f6d9bca2_uniq UNIQUE (station_id, number);


--
-- Name: reklamaproject_station reklamaproject_station_pkey; Type: CONSTRAINT; Schema: public; Owner: postgres
--

ALTER TABLE ONLY public.reklamaproject_station
    ADD CONSTRAINT reklamaproject_station_pkey PRIMARY KEY (id);


--
-- Name: socialaccount_socialaccount socialaccount_socialaccount_pkey; Type: CONSTRAINT; Schema: public; Owner: postgres
--

ALTER TABLE ONLY public.socialaccount_socialaccount
    ADD CONSTRAINT socialaccount_socialaccount_pkey PRIMARY KEY (id);


--
-- Name: socialaccount_socialaccount socialaccount_socialaccount_provider_uid_fc810c6e_uniq; Type: CONSTRAINT; Schema: public; Owner: postgres
--

ALTER TABLE ONLY public.socialaccount_socialaccount
    ADD CONSTRAINT socialaccount_socialaccount_provider_uid_fc810c6e_uniq UNIQUE (provider, uid);


--
-- Name: socialaccount_socialapp socialaccount_socialapp_pkey; Type: CONSTRAINT; Schema: public; Owner: postgres
--

ALTER TABLE ONLY public.socialaccount_socialapp
    ADD CONSTRAINT socialaccount_socialapp_pkey PRIMARY KEY (id);


--
-- Name: socialaccount_socialtoken socialaccount_socialtoken_app_id_account_id_fca4e0ac_uniq; Type: CONSTRAINT; Schema: public; Owner: postgres
--

ALTER TABLE ONLY public.socialaccount_socialtoken
    ADD CONSTRAINT socialaccount_socialtoken_app_id_account_id_fca4e0ac_uniq UNIQUE (app_id, account_id);


--
-- Name: socialaccount_socialtoken socialaccount_socialtoken_pkey; Type: CONSTRAINT; Schema: public; Owner: postgres
--

ALTER TABLE ONLY public.socialaccount_socialtoken
    ADD CONSTRAINT socialaccount_socialtoken_pkey PRIMARY KEY (id);


--
-- Name: account_emailaddress_email_03be32b2; Type: INDEX; Schema: public; Owner: postgres
--

CREATE INDEX account_emailaddress_email_03be32b2 ON public.account_emailaddress USING btree (email);


--
-- Name: account_emailaddress_email_03be32b2_like; Type: INDEX; Schema: public; Owner: postgres
--

CREATE INDEX account_emailaddress_email_03be32b2_like ON public.account_emailaddress USING btree (email varchar_pattern_ops);


--
-- Name: account_emailaddress_user_id_2c513194; Type: INDEX; Schema: public; Owner: postgres
--

CREATE INDEX account_emailaddress_user_id_2c513194 ON public.account_emailaddress USING btree (user_id);


--
-- Name: account_emailconfirmation_email_address_id_5b7f8c58; Type: INDEX; Schema: public; Owner: postgres
--

CREATE INDEX account_emailconfirmation_email_address_id_5b7f8c58 ON public.account_emailconfirmation USING btree (email_address_id);


--
-- Name: account_emailconfirmation_key_f43612bd_like; Type: INDEX; Schema: public; Owner: postgres
--

CREATE INDEX account_emailconfirmation_key_f43612bd_like ON public.account_emailconfirmation USING btree (key varchar_pattern_ops);


--
-- Name: auth_group_name_a6ea08ec_like; Type: INDEX; Schema: public; Owner: postgres
--

CREATE INDEX auth_group_name_a6ea08ec_like ON public.auth_group USING btree (name varchar_pattern_ops);


--
-- Name: auth_group_permissions_group_id_b120cbf9; Type: INDEX; Schema: public; Owner: postgres
--

CREATE INDEX auth_group_permissions_group_id_b120cbf9 ON public.auth_group_permissions USING btree (group_id);


--
-- Name: auth_group_permissions_permission_id_84c5c92e; Type: INDEX; Schema: public; Owner: postgres
--

CREATE INDEX auth_group_permissions_permission_id_84c5c92e ON public.auth_group_permissions USING btree (permission_id);


--
-- Name: auth_permission_content_type_id_2f476e4b; Type: INDEX; Schema: public; Owner: postgres
--

CREATE INDEX auth_permission_content_type_id_2f476e4b ON public.auth_permission USING btree (content_type_id);


--
-- Name: auth_user_groups_group_id_97559544; Type: INDEX; Schema: public; Owner: postgres
--

CREATE INDEX auth_user_groups_group_id_97559544 ON public.auth_user_groups USING btree (group_id);


--
-- Name: auth_user_groups_user_id_6a12ed8b; Type: INDEX; Schema: public; Owner: postgres
--

CREATE INDEX auth_user_groups_user_id_6a12ed8b ON public.auth_user_groups USING btree (user_id);


--
-- Name: auth_user_user_permissions_permission_id_1fbb5f2c; Type: INDEX; Schema: public; Owner: postgres
--

CREATE INDEX auth_user_user_permissions_permission_id_1fbb5f2c ON public.auth_user_user_permissions USING btree (permission_id);


--
-- Name: auth_user_user_permissions_user_id_a95ead1b; Type: INDEX; Schema: public; Owner: postgres
--

CREATE INDEX auth_user_user_permissions_user_id_a95ead1b ON public.auth_user_user_permissions USING btree (user_id);


--
-- Name: auth_user_username_6821ab7c_like; Type: INDEX; Schema: public; Owner: postgres
--

CREATE INDEX auth_user_username_6821ab7c_like ON public.auth_user USING btree (username varchar_pattern_ops);


--
-- Name: authtoken_token_key_10f0b77e_like; Type: INDEX; Schema: public; Owner: postgres
--

CREATE INDEX authtoken_token_key_10f0b77e_like ON public.authtoken_token USING btree (key varchar_pattern_ops);


--
-- Name: axes_accessattempt_ip_address_10922d9c; Type: INDEX; Schema: public; Owner: postgres
--

CREATE INDEX axes_accessattempt_ip_address_10922d9c ON public.axes_accessattempt USING btree (ip_address);


--
-- Name: axes_accessattempt_user_agent_ad89678b; Type: INDEX; Schema: public; Owner: postgres
--

CREATE INDEX axes_accessattempt_user_agent_ad89678b ON public.axes_accessattempt USING btree (user_agent);


--
-- Name: axes_accessattempt_user_agent_ad89678b_like; Type: INDEX; Schema: public; Owner: postgres
--

CREATE INDEX axes_accessattempt_user_agent_ad89678b_like ON public.axes_accessattempt USING btree (user_agent varchar_pattern_ops);


--
-- Name: axes_accessattempt_username_3f2d4ca0; Type: INDEX; Schema: public; Owner: postgres
--

CREATE INDEX axes_accessattempt_username_3f2d4ca0 ON public.axes_accessattempt USING btree (username);


--
-- Name: axes_accessattempt_username_3f2d4ca0_like; Type: INDEX; Schema: public; Owner: postgres
--

CREATE INDEX axes_accessattempt_username_3f2d4ca0_like ON public.axes_accessattempt USING btree (username varchar_pattern_ops);


--
-- Name: axes_accessfailurelog_ip_address_2e9f5a7f; Type: INDEX; Schema: public; Owner: postgres
--

CREATE INDEX axes_accessfailurelog_ip_address_2e9f5a7f ON public.axes_accessfailurelog USING btree (ip_address);


--
-- Name: axes_accessfailurelog_user_agent_ea145dda; Type: INDEX; Schema: public; Owner: postgres
--

CREATE INDEX axes_accessfailurelog_user_agent_ea145dda ON public.axes_accessfailurelog USING btree (user_agent);


--
-- Name: axes_accessfailurelog_user_agent_ea145dda_like; Type: INDEX; Schema: public; Owner: postgres
--

CREATE INDEX axes_accessfailurelog_user_agent_ea145dda_like ON public.axes_accessfailurelog USING btree (user_agent varchar_pattern_ops);


--
-- Name: axes_accessfailurelog_username_a8b7e8a4; Type: INDEX; Schema: public; Owner: postgres
--

CREATE INDEX axes_accessfailurelog_username_a8b7e8a4 ON public.axes_accessfailurelog USING btree (username);


--
-- Name: axes_accessfailurelog_username_a8b7e8a4_like; Type: INDEX; Schema: public; Owner: postgres
--

CREATE INDEX axes_accessfailurelog_username_a8b7e8a4_like ON public.axes_accessfailurelog USING btree (username varchar_pattern_ops);


--
-- Name: axes_accesslog_ip_address_86b417e5; Type: INDEX; Schema: public; Owner: postgres
--

CREATE INDEX axes_accesslog_ip_address_86b417e5 ON public.axes_accesslog USING btree (ip_address);


--
-- Name: axes_accesslog_user_agent_0e659004; Type: INDEX; Schema: public; Owner: postgres
--

CREATE INDEX axes_accesslog_user_agent_0e659004 ON public.axes_accesslog USING btree (user_agent);


--
-- Name: axes_accesslog_user_agent_0e659004_like; Type: INDEX; Schema: public; Owner: postgres
--

CREATE INDEX axes_accesslog_user_agent_0e659004_like ON public.axes_accesslog USING btree (user_agent varchar_pattern_ops);


--
-- Name: axes_accesslog_username_df93064b; Type: INDEX; Schema: public; Owner: postgres
--

CREATE INDEX axes_accesslog_username_df93064b ON public.axes_accesslog USING btree (username);


--
-- Name: axes_accesslog_username_df93064b_like; Type: INDEX; Schema: public; Owner: postgres
--

CREATE INDEX axes_accesslog_username_df93064b_like ON public.axes_accesslog USING btree (username varchar_pattern_ops);


--
-- Name: django_admin_log_content_type_id_c4bce8eb; Type: INDEX; Schema: public; Owner: postgres
--

CREATE INDEX django_admin_log_content_type_id_c4bce8eb ON public.django_admin_log USING btree (content_type_id);


--
-- Name: django_admin_log_user_id_c564eba6; Type: INDEX; Schema: public; Owner: postgres
--

CREATE INDEX django_admin_log_user_id_c564eba6 ON public.django_admin_log USING btree (user_id);


--
-- Name: django_session_expire_date_a5c62663; Type: INDEX; Schema: public; Owner: postgres
--

CREATE INDEX django_session_expire_date_a5c62663 ON public.django_session USING btree (expire_date);


--
-- Name: django_session_session_key_c0390e0f_like; Type: INDEX; Schema: public; Owner: postgres
--

CREATE INDEX django_session_session_key_c0390e0f_like ON public.django_session USING btree (session_key varchar_pattern_ops);


--
-- Name: reklamaproject_advertisement_user_id_ffcdee2d; Type: INDEX; Schema: public; Owner: postgres
--

CREATE INDEX reklamaproject_advertisement_user_id_ffcdee2d ON public.reklamaproject_advertisement USING btree (user_id);


--
-- Name: reklamaproject_advertisementarchive_line_id_51d439c3; Type: INDEX; Schema: public; Owner: postgres
--

CREATE INDEX reklamaproject_advertisementarchive_line_id_51d439c3 ON public.reklamaproject_advertisementarchive USING btree (line_id);


--
-- Name: reklamaproject_advertisementarchive_original_ad_id_215c2552; Type: INDEX; Schema: public; Owner: postgres
--

CREATE INDEX reklamaproject_advertisementarchive_original_ad_id_215c2552 ON public.reklamaproject_advertisementarchive USING btree (original_ad_id);


--
-- Name: reklamaproject_advertisementarchive_position_id_57555588; Type: INDEX; Schema: public; Owner: postgres
--

CREATE INDEX reklamaproject_advertisementarchive_position_id_57555588 ON public.reklamaproject_advertisementarchive USING btree (position_id);


--
-- Name: reklamaproject_advertisementarchive_station_id_60dd5d75; Type: INDEX; Schema: public; Owner: postgres
--

CREATE INDEX reklamaproject_advertisementarchive_station_id_60dd5d75 ON public.reklamaproject_advertisementarchive USING btree (station_id);


--
-- Name: reklamaproject_advertisementarchive_user_id_e432a295; Type: INDEX; Schema: public; Owner: postgres
--

CREATE INDEX reklamaproject_advertisementarchive_user_id_e432a295 ON public.reklamaproject_advertisementarchive USING btree (user_id);


--
-- Name: reklamaproject_metroline_name_c7327d86_like; Type: INDEX; Schema: public; Owner: postgres
--

CREATE INDEX reklamaproject_metroline_name_c7327d86_like ON public.reklamaproject_metroline USING btree (name varchar_pattern_ops);


--
-- Name: reklamaproject_position_created_by_id_125d5deb; Type: INDEX; Schema: public; Owner: postgres
--

CREATE INDEX reklamaproject_position_created_by_id_125d5deb ON public.reklamaproject_position USING btree (created_by_id);


--
-- Name: reklamaproject_position_station_id_81a4e745; Type: INDEX; Schema: public; Owner: postgres
--

CREATE INDEX reklamaproject_position_station_id_81a4e745 ON public.reklamaproject_position USING btree (station_id);


--
-- Name: reklamaproject_station_line_id_b759d7db; Type: INDEX; Schema: public; Owner: postgres
--

CREATE INDEX reklamaproject_station_line_id_b759d7db ON public.reklamaproject_station USING btree (line_id);


--
-- Name: socialaccount_socialaccount_user_id_8146e70c; Type: INDEX; Schema: public; Owner: postgres
--

CREATE INDEX socialaccount_socialaccount_user_id_8146e70c ON public.socialaccount_socialaccount USING btree (user_id);


--
-- Name: socialaccount_socialtoken_account_id_951f210e; Type: INDEX; Schema: public; Owner: postgres
--

CREATE INDEX socialaccount_socialtoken_account_id_951f210e ON public.socialaccount_socialtoken USING btree (account_id);


--
-- Name: socialaccount_socialtoken_app_id_636a42d7; Type: INDEX; Schema: public; Owner: postgres
--

CREATE INDEX socialaccount_socialtoken_app_id_636a42d7 ON public.socialaccount_socialtoken USING btree (app_id);


--
-- Name: unique_primary_email; Type: INDEX; Schema: public; Owner: postgres
--

CREATE UNIQUE INDEX unique_primary_email ON public.account_emailaddress USING btree (user_id, "primary") WHERE "primary";


--
-- Name: unique_verified_email; Type: INDEX; Schema: public; Owner: postgres
--

CREATE UNIQUE INDEX unique_verified_email ON public.account_emailaddress USING btree (email) WHERE verified;


--
-- Name: account_emailaddress account_emailaddress_user_id_2c513194_fk_auth_user_id; Type: FK CONSTRAINT; Schema: public; Owner: postgres
--

ALTER TABLE ONLY public.account_emailaddress
    ADD CONSTRAINT account_emailaddress_user_id_2c513194_fk_auth_user_id FOREIGN KEY (user_id) REFERENCES public.auth_user(id) DEFERRABLE INITIALLY DEFERRED;


--
-- Name: account_emailconfirmation account_emailconfirm_email_address_id_5b7f8c58_fk_account_e; Type: FK CONSTRAINT; Schema: public; Owner: postgres
--

ALTER TABLE ONLY public.account_emailconfirmation
    ADD CONSTRAINT account_emailconfirm_email_address_id_5b7f8c58_fk_account_e FOREIGN KEY (email_address_id) REFERENCES public.account_emailaddress(id) DEFERRABLE INITIALLY DEFERRED;


--
-- Name: auth_group_permissions auth_group_permissio_permission_id_84c5c92e_fk_auth_perm; Type: FK CONSTRAINT; Schema: public; Owner: postgres
--

ALTER TABLE ONLY public.auth_group_permissions
    ADD CONSTRAINT auth_group_permissio_permission_id_84c5c92e_fk_auth_perm FOREIGN KEY (permission_id) REFERENCES public.auth_permission(id) DEFERRABLE INITIALLY DEFERRED;


--
-- Name: auth_group_permissions auth_group_permissions_group_id_b120cbf9_fk_auth_group_id; Type: FK CONSTRAINT; Schema: public; Owner: postgres
--

ALTER TABLE ONLY public.auth_group_permissions
    ADD CONSTRAINT auth_group_permissions_group_id_b120cbf9_fk_auth_group_id FOREIGN KEY (group_id) REFERENCES public.auth_group(id) DEFERRABLE INITIALLY DEFERRED;


--
-- Name: auth_permission auth_permission_content_type_id_2f476e4b_fk_django_co; Type: FK CONSTRAINT; Schema: public; Owner: postgres
--

ALTER TABLE ONLY public.auth_permission
    ADD CONSTRAINT auth_permission_content_type_id_2f476e4b_fk_django_co FOREIGN KEY (content_type_id) REFERENCES public.django_content_type(id) DEFERRABLE INITIALLY DEFERRED;


--
-- Name: auth_user_groups auth_user_groups_group_id_97559544_fk_auth_group_id; Type: FK CONSTRAINT; Schema: public; Owner: postgres
--

ALTER TABLE ONLY public.auth_user_groups
    ADD CONSTRAINT auth_user_groups_group_id_97559544_fk_auth_group_id FOREIGN KEY (group_id) REFERENCES public.auth_group(id) DEFERRABLE INITIALLY DEFERRED;


--
-- Name: auth_user_groups auth_user_groups_user_id_6a12ed8b_fk_auth_user_id; Type: FK CONSTRAINT; Schema: public; Owner: postgres
--

ALTER TABLE ONLY public.auth_user_groups
    ADD CONSTRAINT auth_user_groups_user_id_6a12ed8b_fk_auth_user_id FOREIGN KEY (user_id) REFERENCES public.auth_user(id) DEFERRABLE INITIALLY DEFERRED;


--
-- Name: auth_user_user_permissions auth_user_user_permi_permission_id_1fbb5f2c_fk_auth_perm; Type: FK CONSTRAINT; Schema: public; Owner: postgres
--

ALTER TABLE ONLY public.auth_user_user_permissions
    ADD CONSTRAINT auth_user_user_permi_permission_id_1fbb5f2c_fk_auth_perm FOREIGN KEY (permission_id) REFERENCES public.auth_permission(id) DEFERRABLE INITIALLY DEFERRED;


--
-- Name: auth_user_user_permissions auth_user_user_permissions_user_id_a95ead1b_fk_auth_user_id; Type: FK CONSTRAINT; Schema: public; Owner: postgres
--

ALTER TABLE ONLY public.auth_user_user_permissions
    ADD CONSTRAINT auth_user_user_permissions_user_id_a95ead1b_fk_auth_user_id FOREIGN KEY (user_id) REFERENCES public.auth_user(id) DEFERRABLE INITIALLY DEFERRED;


--
-- Name: authtoken_token authtoken_token_user_id_35299eff_fk_auth_user_id; Type: FK CONSTRAINT; Schema: public; Owner: postgres
--

ALTER TABLE ONLY public.authtoken_token
    ADD CONSTRAINT authtoken_token_user_id_35299eff_fk_auth_user_id FOREIGN KEY (user_id) REFERENCES public.auth_user(id) DEFERRABLE INITIALLY DEFERRED;


--
-- Name: django_admin_log django_admin_log_content_type_id_c4bce8eb_fk_django_co; Type: FK CONSTRAINT; Schema: public; Owner: postgres
--

ALTER TABLE ONLY public.django_admin_log
    ADD CONSTRAINT django_admin_log_content_type_id_c4bce8eb_fk_django_co FOREIGN KEY (content_type_id) REFERENCES public.django_content_type(id) DEFERRABLE INITIALLY DEFERRED;


--
-- Name: django_admin_log django_admin_log_user_id_c564eba6_fk_auth_user_id; Type: FK CONSTRAINT; Schema: public; Owner: postgres
--

ALTER TABLE ONLY public.django_admin_log
    ADD CONSTRAINT django_admin_log_user_id_c564eba6_fk_auth_user_id FOREIGN KEY (user_id) REFERENCES public.auth_user(id) DEFERRABLE INITIALLY DEFERRED;


--
-- Name: reklamaproject_advertisementarchive reklamaproject_adver_line_id_51d439c3_fk_reklamapr; Type: FK CONSTRAINT; Schema: public; Owner: postgres
--

ALTER TABLE ONLY public.reklamaproject_advertisementarchive
    ADD CONSTRAINT reklamaproject_adver_line_id_51d439c3_fk_reklamapr FOREIGN KEY (line_id) REFERENCES public.reklamaproject_metroline(id) DEFERRABLE INITIALLY DEFERRED;


--
-- Name: reklamaproject_advertisementarchive reklamaproject_adver_original_ad_id_215c2552_fk_reklamapr; Type: FK CONSTRAINT; Schema: public; Owner: postgres
--

ALTER TABLE ONLY public.reklamaproject_advertisementarchive
    ADD CONSTRAINT reklamaproject_adver_original_ad_id_215c2552_fk_reklamapr FOREIGN KEY (original_ad_id) REFERENCES public.reklamaproject_advertisement(id) DEFERRABLE INITIALLY DEFERRED;


--
-- Name: reklamaproject_advertisementarchive reklamaproject_adver_position_id_57555588_fk_reklamapr; Type: FK CONSTRAINT; Schema: public; Owner: postgres
--

ALTER TABLE ONLY public.reklamaproject_advertisementarchive
    ADD CONSTRAINT reklamaproject_adver_position_id_57555588_fk_reklamapr FOREIGN KEY (position_id) REFERENCES public.reklamaproject_position(id) DEFERRABLE INITIALLY DEFERRED;


--
-- Name: reklamaproject_advertisement reklamaproject_adver_position_id_ebe95bae_fk_reklamapr; Type: FK CONSTRAINT; Schema: public; Owner: postgres
--

ALTER TABLE ONLY public.reklamaproject_advertisement
    ADD CONSTRAINT reklamaproject_adver_position_id_ebe95bae_fk_reklamapr FOREIGN KEY (position_id) REFERENCES public.reklamaproject_position(id) DEFERRABLE INITIALLY DEFERRED;


--
-- Name: reklamaproject_advertisementarchive reklamaproject_adver_station_id_60dd5d75_fk_reklamapr; Type: FK CONSTRAINT; Schema: public; Owner: postgres
--

ALTER TABLE ONLY public.reklamaproject_advertisementarchive
    ADD CONSTRAINT reklamaproject_adver_station_id_60dd5d75_fk_reklamapr FOREIGN KEY (station_id) REFERENCES public.reklamaproject_station(id) DEFERRABLE INITIALLY DEFERRED;


--
-- Name: reklamaproject_advertisementarchive reklamaproject_adver_user_id_e432a295_fk_auth_user; Type: FK CONSTRAINT; Schema: public; Owner: postgres
--

ALTER TABLE ONLY public.reklamaproject_advertisementarchive
    ADD CONSTRAINT reklamaproject_adver_user_id_e432a295_fk_auth_user FOREIGN KEY (user_id) REFERENCES public.auth_user(id) DEFERRABLE INITIALLY DEFERRED;


--
-- Name: reklamaproject_advertisement reklamaproject_advertisement_user_id_ffcdee2d_fk_auth_user_id; Type: FK CONSTRAINT; Schema: public; Owner: postgres
--

ALTER TABLE ONLY public.reklamaproject_advertisement
    ADD CONSTRAINT reklamaproject_advertisement_user_id_ffcdee2d_fk_auth_user_id FOREIGN KEY (user_id) REFERENCES public.auth_user(id) DEFERRABLE INITIALLY DEFERRED;


--
-- Name: reklamaproject_position reklamaproject_posit_station_id_81a4e745_fk_reklamapr; Type: FK CONSTRAINT; Schema: public; Owner: postgres
--

ALTER TABLE ONLY public.reklamaproject_position
    ADD CONSTRAINT reklamaproject_posit_station_id_81a4e745_fk_reklamapr FOREIGN KEY (station_id) REFERENCES public.reklamaproject_station(id) DEFERRABLE INITIALLY DEFERRED;


--
-- Name: reklamaproject_position reklamaproject_position_created_by_id_125d5deb_fk_auth_user_id; Type: FK CONSTRAINT; Schema: public; Owner: postgres
--

ALTER TABLE ONLY public.reklamaproject_position
    ADD CONSTRAINT reklamaproject_position_created_by_id_125d5deb_fk_auth_user_id FOREIGN KEY (created_by_id) REFERENCES public.auth_user(id) DEFERRABLE INITIALLY DEFERRED;


--
-- Name: reklamaproject_station reklamaproject_stati_line_id_b759d7db_fk_reklamapr; Type: FK CONSTRAINT; Schema: public; Owner: postgres
--

ALTER TABLE ONLY public.reklamaproject_station
    ADD CONSTRAINT reklamaproject_stati_line_id_b759d7db_fk_reklamapr FOREIGN KEY (line_id) REFERENCES public.reklamaproject_metroline(id) DEFERRABLE INITIALLY DEFERRED;


--
-- Name: socialaccount_socialtoken socialaccount_social_account_id_951f210e_fk_socialacc; Type: FK CONSTRAINT; Schema: public; Owner: postgres
--

ALTER TABLE ONLY public.socialaccount_socialtoken
    ADD CONSTRAINT socialaccount_social_account_id_951f210e_fk_socialacc FOREIGN KEY (account_id) REFERENCES public.socialaccount_socialaccount(id) DEFERRABLE INITIALLY DEFERRED;


--
-- Name: socialaccount_socialtoken socialaccount_social_app_id_636a42d7_fk_socialacc; Type: FK CONSTRAINT; Schema: public; Owner: postgres
--

ALTER TABLE ONLY public.socialaccount_socialtoken
    ADD CONSTRAINT socialaccount_social_app_id_636a42d7_fk_socialacc FOREIGN KEY (app_id) REFERENCES public.socialaccount_socialapp(id) DEFERRABLE INITIALLY DEFERRED;


--
-- Name: socialaccount_socialaccount socialaccount_socialaccount_user_id_8146e70c_fk_auth_user_id; Type: FK CONSTRAINT; Schema: public; Owner: postgres
--

ALTER TABLE ONLY public.socialaccount_socialaccount
    ADD CONSTRAINT socialaccount_socialaccount_user_id_8146e70c_fk_auth_user_id FOREIGN KEY (user_id) REFERENCES public.auth_user(id) DEFERRABLE INITIALLY DEFERRED;


--
-- PostgreSQL database dump complete
--

\unrestrict 8a1S5EfwZEHaNvdXL0mDXB5zX44vO7DxVNYPl7BPdM0gfzGU92vWeWJHfab9E1e

